instanceLabel,item,itemLabel,entity_id,related_works_count
human,http://www.wikidata.org/entity/Q18639495,Samuel Bierfield,Q18639495,0
human,http://www.wikidata.org/entity/Q705176,"John, Count of Angoulême",Q705176,0
human,http://www.wikidata.org/entity/Q207416,Bartolomé de Las Casas,Q207416,20
human,http://www.wikidata.org/entity/Q154959,Hugo Grotius,Q154959,10
human,http://www.wikidata.org/entity/Q37621,Thomas Hobbes,Q37621,15
human,http://www.wikidata.org/entity/Q9353,John Locke,Q9353,18
human,http://www.wikidata.org/entity/Q6253543,John Punch,Q6253543,0
human,http://www.wikidata.org/entity/Q349497,Benjamin Lay,Q349497,1
human,http://www.wikidata.org/entity/Q3471224,"Samuel Sandys, 1st Baron Sandys",Q3471224,0
human,http://www.wikidata.org/entity/Q6527,Jean-Jacques Rousseau,Q6527,85
human,http://www.wikidata.org/entity/Q572877,Anthony Benezet,Q572877,4
human,http://www.wikidata.org/entity/Q14324051,Anna Margareta Salmelin,Q14324051,0
human,http://www.wikidata.org/entity/Q7176335,Peter Peckard,Q7176335,0
human,http://www.wikidata.org/entity/Q532329,George Mason,Q532329,0
human,http://www.wikidata.org/entity/Q319331,Josiah Wedgwood,Q319331,10
human,http://www.wikidata.org/entity/Q315537,William Cowper,Q315537,63
human,http://www.wikidata.org/entity/Q42654600,Fenda Lawrence,Q42654600,0
human,http://www.wikidata.org/entity/Q11812,Thomas Jefferson,Q11812,35
human,http://www.wikidata.org/entity/Q11813,James Madison,Q11813,33
human,http://www.wikidata.org/entity/Q5538872,George Edward Doney,Q5538872,0
human,http://www.wikidata.org/entity/Q207672,William Wilberforce,Q207672,5
human,http://www.wikidata.org/entity/Q19059591,James Drummond MacGregor,Q19059591,0
human,http://www.wikidata.org/entity/Q2032151,Thomas Clarkson,Q2032151,6
human,http://www.wikidata.org/entity/Q22341556,Hetty Reckless,Q22341556,0
human,http://www.wikidata.org/entity/Q16739929,Hans Jonatan,Q16739929,0
human,http://www.wikidata.org/entity/Q52295193,Thomas Sturge,Q52295193,0
human,http://www.wikidata.org/entity/Q23758930,Catharine R. Williams,Q23758930,0
human,http://www.wikidata.org/entity/Q4796627,Arsénio Pompílio Pompeu de Carpo,Q4796627,0
human,http://www.wikidata.org/entity/Q7792020,Thomas M'Clintock,Q7792020,0
human,http://www.wikidata.org/entity/Q1353767,Thaddeus Stevens,Q1353767,1
human,http://www.wikidata.org/entity/Q59343154,Thomas F. Mulledy,Q59343154,0
human,http://www.wikidata.org/entity/Q7159479,Pedro Blanco,Q7159479,0
human,http://www.wikidata.org/entity/Q6686880,Louis Celeste Lecesne,Q6686880,0
human,http://www.wikidata.org/entity/Q16065702,Sheldon Peck,Q16065702,8
human,http://www.wikidata.org/entity/Q61040403,William McSherry,Q61040403,0
human,http://www.wikidata.org/entity/Q189366,John Brown,Q189366,1
human,http://www.wikidata.org/entity/Q22018959,Mary Meachum,Q22018959,0
human,http://www.wikidata.org/entity/Q7609375,Stephen H. Gloucester,Q7609375,0
human,http://www.wikidata.org/entity/Q50020,John Stuart Mill,Q50020,38
human,http://www.wikidata.org/entity/Q6537184,Lewis Woodson,Q6537184,0
human,http://www.wikidata.org/entity/Q7422565,Sarah Mapps Douglass,Q7422565,1
human,http://www.wikidata.org/entity/Q11722350,Susan Paul,Q11722350,0
human,http://www.wikidata.org/entity/Q61314662,Amy Matilda Cassey,Q61314662,0
human,http://www.wikidata.org/entity/Q19894285,Harriet Forten Purvis,Q19894285,0
human,http://www.wikidata.org/entity/Q4767364,Anna Murray-Douglass,Q4767364,0
human,http://www.wikidata.org/entity/Q35131021,Joshua Bowen Smith,Q35131021,0
human,http://www.wikidata.org/entity/Q6139252,James McCune Smith,Q6139252,0
human,http://www.wikidata.org/entity/Q6536421,Lewis Charlton,Q6536421,0
human,http://www.wikidata.org/entity/Q465335,Elizabeth Cady Stanton,Q465335,3
human,http://www.wikidata.org/entity/Q1230434,Thaddeus Hyatt,Q1230434,1
human,http://www.wikidata.org/entity/Q26243162,Robert James Harlan,Q26243162,1
human,http://www.wikidata.org/entity/Q5078949,Charles Henry Langston,Q5078949,0
human,http://www.wikidata.org/entity/Q9061,Karl Marx,Q9061,227
human,http://www.wikidata.org/entity/Q215562,Frederick Douglass,Q215562,22
human,http://www.wikidata.org/entity/Q452281,Lucy Stone,Q452281,0
human,http://www.wikidata.org/entity/Q17985825,Turner W. Bell,Q17985825,0
human,http://www.wikidata.org/entity/Q192245,Susan B. Anthony,Q192245,1
human,http://www.wikidata.org/entity/Q41451039,John J. Smith,Q41451039,0
human,http://www.wikidata.org/entity/Q64685622,Mabel Sharman Crawford,Q64685622,1
human,http://www.wikidata.org/entity/Q8016572,William Parker,Q8016572,0
human,http://www.wikidata.org/entity/Q23758931,J. Rufus Bratton,Q23758931,0
human,http://www.wikidata.org/entity/Q720220,Román Baldorioty de Castro,Q720220,0
human,http://www.wikidata.org/entity/Q18526333,Agnes Pochin,Q18526333,0
human,http://www.wikidata.org/entity/Q19407756,William M. Mitchell,Q19407756,1
human,http://www.wikidata.org/entity/Q16031405,Mary Stafford Anthony,Q16031405,0
human,http://www.wikidata.org/entity/Q20710824,William Troy,Q20710824,0
human,http://www.wikidata.org/entity/Q12091,Henry Dunant,Q12091,4
human,http://www.wikidata.org/entity/Q2418031,Mary Edwards Walker,Q2418031,0
human,http://www.wikidata.org/entity/Q6537048,Lewis Sheridan Leary,Q6537048,0
human,http://www.wikidata.org/entity/Q18086799,Henry Richard Fox Bourne,Q18086799,0
human,http://www.wikidata.org/entity/Q1654098,Ludovic Trarieux,Q1654098,0
human,http://www.wikidata.org/entity/Q21665058,James Milton Turner,Q21665058,0
human,http://www.wikidata.org/entity/Q27576465,Charlotte Bolles Anthony,Q27576465,0
human,http://www.wikidata.org/entity/Q58815494,Berry Washington,Q58815494,0
human,http://www.wikidata.org/entity/Q18889879,Théodore de Korwin Szymanowski,Q18889879,0
human,http://www.wikidata.org/entity/Q63040053,Redoshi,Q63040053,0
human,http://www.wikidata.org/entity/Q7405218,Sally Maria Diggs,Q7405218,0
human,http://www.wikidata.org/entity/Q211519,Emmeline Pankhurst,Q211519,7
human,http://www.wikidata.org/entity/Q27460714,Peter Weddick Moore,Q27460714,0
human,http://www.wikidata.org/entity/Q47520336,Granville Pearl Aikman,Q47520336,0
human,http://www.wikidata.org/entity/Q7279157,Rachel Berry,Q7279157,0
human,http://www.wikidata.org/entity/Q67445159,Edith Palliser,Q67445159,2
human,http://www.wikidata.org/entity/Q22338526,Florida Ruffin Ridley,Q22338526,0
human,http://www.wikidata.org/entity/Q6248987,"John Mitchell, Jr.",Q6248987,0
human,http://www.wikidata.org/entity/Q15996433,Harry Clay Smith,Q15996433,0
human,http://www.wikidata.org/entity/Q18671659,Janet Case,Q18671659,0
human,http://www.wikidata.org/entity/Q18169424,Emmanuel Mzumbo Lazare,Q18169424,0
human,http://www.wikidata.org/entity/Q18576723,Mary Galway,Q18576723,0
human,http://www.wikidata.org/entity/Q23041615,Marquesa del Ter,Q23041615,0
human,http://www.wikidata.org/entity/Q24939367,Rukhmabai,Q24939367,0
human,http://www.wikidata.org/entity/Q6547481,Lila Meade Valentine,Q6547481,0
human,http://www.wikidata.org/entity/Q6759761,Margaret Murray Washington,Q6759761,0
human,http://www.wikidata.org/entity/Q48445246,Sadie Chandler Cole,Q48445246,0
human,http://www.wikidata.org/entity/Q52882111,Tomekichi Homma,Q52882111,0
human,http://www.wikidata.org/entity/Q772863,Carlos Montezuma,Q772863,0
human,http://www.wikidata.org/entity/Q18352712,Marie Gahéry,Q18352712,0
human,http://www.wikidata.org/entity/Q11561116,Shimizu Shikin,Q11561116,0
human,http://www.wikidata.org/entity/Q1001,Mahatma Gandhi,Q1001,60
human,http://www.wikidata.org/entity/Q8019035,William T. B. Williams,Q8019035,0
human,http://www.wikidata.org/entity/Q66818911,Isa Macnie,Q66818911,0
human,http://www.wikidata.org/entity/Q16595090,Alice Seeley Harris,Q16595090,2
human,http://www.wikidata.org/entity/Q48703098,Fredericka Douglass Sprague Perry,Q48703098,0
human,http://www.wikidata.org/entity/Q24246107,Edith Alice Waterworth,Q24246107,0
human,http://www.wikidata.org/entity/Q6239439,John Harris,Q6239439,0
human,http://www.wikidata.org/entity/Q29386931,Nellie Griswold Francis,Q29386931,0
human,http://www.wikidata.org/entity/Q46995413,Pauline Adams,Q46995413,0
human,http://www.wikidata.org/entity/Q66851265,Marie Johnson,Q66851265,0
human,http://www.wikidata.org/entity/Q21979686,Henry Devenish Harben,Q21979686,0
human,http://www.wikidata.org/entity/Q23765923,Roberta Fulbright,Q23765923,0
human,http://www.wikidata.org/entity/Q67016848,Helen Laird,Q67016848,0
human,http://www.wikidata.org/entity/Q12017742,Františka Plamínková,Q12017742,0
human,http://www.wikidata.org/entity/Q7128867,Palwankar Baloo,Q7128867,0
human,http://www.wikidata.org/entity/Q2070393,Yekaterina Peshkova,Q2070393,0
human,http://www.wikidata.org/entity/Q20031817,Maria Boissevain,Q20031817,1
human,http://www.wikidata.org/entity/Q737280,Erode Venkatappa Ramasamy,Q737280,0
human,http://www.wikidata.org/entity/Q59505162,Meg Connery,Q59505162,0
human,http://www.wikidata.org/entity/Q328201,N. D. Cocea,Q328201,0
human,http://www.wikidata.org/entity/Q22018831,Bruno Lasker,Q22018831,0
human,http://www.wikidata.org/entity/Q6302660,Judge Willis Brown,Q6302660,1
human,http://www.wikidata.org/entity/Q8007,Franklin Delano Roosevelt,Q8007,225
human,http://www.wikidata.org/entity/Q66780992,Edith Young,Q66780992,0
human,http://www.wikidata.org/entity/Q28091727,Corder Catchpool,Q28091727,0
human,http://www.wikidata.org/entity/Q19666387,Roscoe Dunjee,Q19666387,0
human,http://www.wikidata.org/entity/Q83396,Eleanor Roosevelt,Q83396,6
human,http://www.wikidata.org/entity/Q15437590,Will W. Alexander,Q15437590,0
human,http://www.wikidata.org/entity/Q17421364,Arizona Fleming,Q17421364,0
human,http://www.wikidata.org/entity/Q66817582,Marion Duggan,Q66817582,0
human,http://www.wikidata.org/entity/Q60559555,Helen Losanitch Frothingham,Q60559555,0
human,http://www.wikidata.org/entity/Q232873,René Cassin,Q232873,0
human,http://www.wikidata.org/entity/Q7345315,"Robert Hathaway, Lord of Sark",Q7345315,0
human,http://www.wikidata.org/entity/Q19606386,Ángela Acuña,Q19606386,1
human,http://www.wikidata.org/entity/Q27867776,Perchouhi Partizpanyan-Barseghyan,Q27867776,0
human,http://www.wikidata.org/entity/Q42282200,Bertha Mkhize,Q42282200,0
human,http://www.wikidata.org/entity/Q64022062,Aw Tjoei Lan,Q64022062,0
human,http://www.wikidata.org/entity/Q12768952,Karol Koch,Q12768952,1
human,http://www.wikidata.org/entity/Q231690,B. R. Ambedkar,Q231690,11
human,http://www.wikidata.org/entity/Q7937681,Vivian Bose,Q7937681,0
human,http://www.wikidata.org/entity/Q3037079,Doris Stevens,Q3037079,0
human,http://www.wikidata.org/entity/Q7925963,Victor Hugo Green,Q7925963,1
human,http://www.wikidata.org/entity/Q26720144,Rachel Davis DuBois,Q26720144,0
human,http://www.wikidata.org/entity/Q1791137,Sobral Pinto,Q1791137,1
human,http://www.wikidata.org/entity/Q25712691,Christia Adair,Q25712691,0
human,http://www.wikidata.org/entity/Q67130310,Maurice Frankenhuis,Q67130310,0
human,http://www.wikidata.org/entity/Q13021,Vinoba Bhave,Q13021,3
human,http://www.wikidata.org/entity/Q5398352,Eslanda Goode Robeson,Q5398352,0
human,http://www.wikidata.org/entity/Q5460354,Flora Solomon,Q5460354,0
human,http://www.wikidata.org/entity/Q1271,Trygve Lie,Q1271,0
human,http://www.wikidata.org/entity/Q76229,Karl Plagge,Q76229,0
human,http://www.wikidata.org/entity/Q15995920,"William W. ""Bill"" Kirtley",Q15995920,0
human,http://www.wikidata.org/entity/Q5130274,Clayton Kratz,Q5130274,0
human,http://www.wikidata.org/entity/Q6137851,James Lawrence Fly,Q6137851,0
human,http://www.wikidata.org/entity/Q1586246,Earl G. Harrison,Q1586246,2
human,http://www.wikidata.org/entity/Q76975,Rudolf Höss,Q76975,2
human,http://www.wikidata.org/entity/Q505586,Raphael Lemkin,Q505586,6
human,http://www.wikidata.org/entity/Q5752484,Carmen Clemente Travieso,Q5752484,0
human,http://www.wikidata.org/entity/Q39075147,Sultan Mahmud,Q39075147,0
human,http://www.wikidata.org/entity/Q6349042,Kajsa Wahlberg,Q6349042,0
human,http://www.wikidata.org/entity/Q4701486,Ako Kurdnasab,Q4701486,0
human,http://www.wikidata.org/entity/Q4720750,Alexandra Sicotte-Levesque,Q4720750,2
human,http://www.wikidata.org/entity/Q4767805,Annakurban Amanklychev,Q4767805,0
human,http://www.wikidata.org/entity/Q5222337,Darci Frigo,Q5222337,0
human,http://www.wikidata.org/entity/Q7698105,Temesgen Desalegn,Q7698105,0
human,http://www.wikidata.org/entity/Q7783514,Thet Zin,Q7783514,0
human,http://www.wikidata.org/entity/Q7813524,Tokbergen Abiyev,Q7813524,0
human,http://www.wikidata.org/entity/Q7878751,Ularbek Baitailaq,Q7878751,0
human,http://www.wikidata.org/entity/Q5673586,Harry Yansaneh,Q5673586,0
human,http://www.wikidata.org/entity/Q6740193,Maksim Kartashov,Q6740193,0
human,http://www.wikidata.org/entity/Q27063320,Jasiri X,Q27063320,0
human,http://www.wikidata.org/entity/Q27450328,Haydée Martínez de Osorio,Q27450328,0
human,http://www.wikidata.org/entity/Q5638391,Hafizullah Khaled,Q5638391,0
human,http://www.wikidata.org/entity/Q7132310,Pap Saine,Q7132310,0
human,http://www.wikidata.org/entity/Q7420915,Sapardurdy Khadzhiev,Q7420915,0
human,http://www.wikidata.org/entity/Q16734845,Paul Radu,Q16734845,0
human,http://www.wikidata.org/entity/Q45357466,Jacob Kuwinsuk Gale,Q45357466,0
human,http://www.wikidata.org/entity/Q7289579,Ramin Bayramov,Q7289579,0
human,http://www.wikidata.org/entity/Q5968075,I. Roberto Eisenmann Jr.,Q5968075,0
human,http://www.wikidata.org/entity/Q6084765,Ismail Khilath Rasheed,Q6084765,0
human,http://www.wikidata.org/entity/Q6169125,Jean-Claude Kavumbagu,Q6169125,0
human,http://www.wikidata.org/entity/Q109984174,sultana khaya mortazika,Q109984174,0
human,http://www.wikidata.org/entity/Q24716948,Juliet Mphande,Q24716948,0
human,http://www.wikidata.org/entity/Q2478543,Corliss Lamont,Q2478543,0
human,http://www.wikidata.org/entity/Q468884,Ella Josephine Baker,Q468884,0
human,http://www.wikidata.org/entity/Q11573222,Wang Zaoshi,Q11573222,0
human,http://www.wikidata.org/entity/Q11722346,Ida B. Kinney,Q11722346,0
human,http://www.wikidata.org/entity/Q1267,Dag Hammarskjöld,Q1267,1
human,http://www.wikidata.org/entity/Q437403,John Peters Humphrey,Q437403,0
human,http://www.wikidata.org/entity/Q78512,Hans Asperger,Q78512,0
human,http://www.wikidata.org/entity/Q23688732,Aline Elizabeth Black,Q23688732,0
human,http://www.wikidata.org/entity/Q924860,Sofiya Kalistratova,Q924860,0
human,http://www.wikidata.org/entity/Q15964401,Harriet Elizabeth Brown,Q15964401,0
human,http://www.wikidata.org/entity/Q2477108,Petro Hryhorenko,Q2477108,0
human,http://www.wikidata.org/entity/Q49086,Simon Wiesenthal,Q49086,3
human,http://www.wikidata.org/entity/Q2517334,Vernon Dahmer,Q2517334,0
human,http://www.wikidata.org/entity/Q1264,U Thant,Q1264,0
human,http://www.wikidata.org/entity/Q5417070,Everett T. Moore,Q5417070,0
human,http://www.wikidata.org/entity/Q5614457,Guboo Ted Thomas,Q5614457,0
human,http://www.wikidata.org/entity/Q151932,Irena Sendler,Q151932,0
human,http://www.wikidata.org/entity/Q30547,Mother Teresa,Q30547,2
human,http://www.wikidata.org/entity/Q7154879,Pauli Murray,Q7154879,1
human,http://www.wikidata.org/entity/Q7382900,Ruth Bolden,Q7382900,0
human,http://www.wikidata.org/entity/Q38980256,M. A. Gaffar,Q38980256,0
human,http://www.wikidata.org/entity/Q18350596,David Kaye,Q18350596,0
human,http://www.wikidata.org/entity/Q209989,Hubert Humphrey,Q209989,1
human,http://www.wikidata.org/entity/Q206466,Mahalia Jackson,Q206466,4
human,http://www.wikidata.org/entity/Q4749593,Amzie Moore,Q4749593,0
human,http://www.wikidata.org/entity/Q5126651,"Clarence M. Mitchell, Jr.",Q5126651,0
human,http://www.wikidata.org/entity/Q17009471,María Adela Gard de Antokoletz,Q17009471,0
human,http://www.wikidata.org/entity/Q7308905,Reginald Weir,Q7308905,0
human,http://www.wikidata.org/entity/Q440490,Walter Sisulu,Q440490,0
human,http://www.wikidata.org/entity/Q187930,Bayard Rustin,Q187930,0
human,http://www.wikidata.org/entity/Q28956590,Mollie Moon,Q28956590,0
human,http://www.wikidata.org/entity/Q6377072,Kathryn Johnston shooting,Q6377072,0
human,http://www.wikidata.org/entity/Q5302560,Dovey Johnson Roundtree,Q5302560,0
human,http://www.wikidata.org/entity/Q15999008,Juliette Hampton Morgan,Q15999008,0
human,http://www.wikidata.org/entity/Q16013686,Ella Little-Collins,Q16013686,0
human,http://www.wikidata.org/entity/Q28600017,Bernice Robinson,Q28600017,0
human,http://www.wikidata.org/entity/Q19364786,Jeanette Williams,Q19364786,0
human,http://www.wikidata.org/entity/Q19879774,Margaret Morgan Lawrence,Q19879774,0
human,http://www.wikidata.org/entity/Q665932,Beyers Naudé,Q665932,0
human,http://www.wikidata.org/entity/Q1566059,Luis Andres Vargas Gomez,Q1566059,0
human,http://www.wikidata.org/entity/Q19668630,Olivia Hooker,Q19668630,0
human,http://www.wikidata.org/entity/Q724961,Ashby Peter Solomzi Mda,Q724961,0
human,http://www.wikidata.org/entity/Q27661829,Louise Kerr Hines,Q27661829,0
human,http://www.wikidata.org/entity/Q165110,Stéphane Hessel,Q165110,8
human,http://www.wikidata.org/entity/Q5401169,Esther Cooper Jackson,Q5401169,0
human,http://www.wikidata.org/entity/Q26503427,Zubeida Habib Rahimtoola,Q26503427,0
human,http://www.wikidata.org/entity/Q7077655,Odell Waller,Q7077655,0
human,http://www.wikidata.org/entity/Q1871716,Louis Henkin,Q1871716,0
human,http://www.wikidata.org/entity/Q1903120,Marthe Gosteli,Q1903120,0
human,http://www.wikidata.org/entity/Q18158699,Robert S. Bilheimer,Q18158699,0
human,http://www.wikidata.org/entity/Q56634072,Maurice Rossel,Q56634072,0
human,http://www.wikidata.org/entity/Q57661226,Hilda Eisen,Q57661226,0
human,http://www.wikidata.org/entity/Q65054271,Chauncey Eskridge,Q65054271,0
human,http://www.wikidata.org/entity/Q1260,Kurt Waldheim,Q1260,1
human,http://www.wikidata.org/entity/Q8023,Nelson Mandela,Q8023,19
human,http://www.wikidata.org/entity/Q5052880,Catherine Pollard,Q5052880,0
human,http://www.wikidata.org/entity/Q8073486,Zoia Horn,Q8073486,0
human,http://www.wikidata.org/entity/Q5662252,Harold Rubens,Q5662252,0
human,http://www.wikidata.org/entity/Q27859437,David Carliner,Q27859437,0
human,http://www.wikidata.org/entity/Q7087425,Oliver Brown,Q7087425,0
human,http://www.wikidata.org/entity/Q5752479,Carmen Casco de Lara Castro,Q5752479,0
human,http://www.wikidata.org/entity/Q313776,George Wallace,Q313776,1
human,http://www.wikidata.org/entity/Q957941,William Kunstler,Q957941,3
human,http://www.wikidata.org/entity/Q13817395,Mary Benson,Q13817395,0
human,http://www.wikidata.org/entity/Q5454538,Fish Keitseng,Q5454538,0
human,http://www.wikidata.org/entity/Q7105088,Orton Chirwa,Q7105088,0
human,http://www.wikidata.org/entity/Q7405202,Sally Lilienthal,Q7405202,0
human,http://www.wikidata.org/entity/Q29902256,Alma Soller McLay,Q29902256,0
human,http://www.wikidata.org/entity/Q1259,Javier Pérez de Cuéllar,Q1259,0
human,http://www.wikidata.org/entity/Q5372822,Emma Groves,Q5372822,0
human,http://www.wikidata.org/entity/Q5547500,Georgia Gilmore,Q5547500,0
human,http://www.wikidata.org/entity/Q17626455,Frances Ames,Q17626455,0
human,http://www.wikidata.org/entity/Q54478547,Jean E. Fairfax,Q54478547,0
human,http://www.wikidata.org/entity/Q23071491,Renée Slotopolsky de Epelbaum,Q23071491,0
human,http://www.wikidata.org/entity/Q271049,Peter Benenson,Q271049,1
human,http://www.wikidata.org/entity/Q997,Andrei Sakharov,Q997,0
human,http://www.wikidata.org/entity/Q457798,Matilde Rosa Lopes de Araújo,Q457798,1
human,http://www.wikidata.org/entity/Q7367182,Rosalie Abrams,Q7367182,0
human,http://www.wikidata.org/entity/Q30005117,Ruth Reese,Q30005117,0
human,http://www.wikidata.org/entity/Q1257,Boutros Boutros-Ghali,Q1257,2
human,http://www.wikidata.org/entity/Q55775,Alina Margolis-Edelman,Q55775,0
human,http://www.wikidata.org/entity/Q311160,Hussein-Ali Montazeri,Q311160,1
human,http://www.wikidata.org/entity/Q842150,Akira Makino,Q842150,0
human,http://www.wikidata.org/entity/Q5831221,Emilio Fermín Mignone,Q5831221,0
human,http://www.wikidata.org/entity/Q50300230,Sonia Bunting,Q50300230,0
human,http://www.wikidata.org/entity/Q2570788,Mochtar Lubis,Q2570788,13
human,http://www.wikidata.org/entity/Q149547,Robert L. Bernstein,Q149547,0
human,http://www.wikidata.org/entity/Q87423,Wanda Bottesi,Q87423,0
human,http://www.wikidata.org/entity/Q113806,Felix Ermacora,Q113806,0
human,http://www.wikidata.org/entity/Q3218074,Larry Kwong,Q3218074,0
human,http://www.wikidata.org/entity/Q5044634,Carola B. Eisenberg,Q5044634,0
human,http://www.wikidata.org/entity/Q12040314,Naděžda Kavalírová,Q12040314,0
human,http://www.wikidata.org/entity/Q5553590,Geshe Gyeltsen,Q5553590,0
human,http://www.wikidata.org/entity/Q1718537,Wenten Rubuntja,Q1718537,4
human,http://www.wikidata.org/entity/Q19787182,Gertrude Newsome-Jackson,Q19787182,0
human,http://www.wikidata.org/entity/Q23685,Jimmy Carter,Q23685,128
human,http://www.wikidata.org/entity/Q45785,Kim Dae-jung,Q45785,1
human,http://www.wikidata.org/entity/Q5195905,Curtis W. Harris,Q5195905,0
human,http://www.wikidata.org/entity/Q1280936,Yuri Orlov,Q1280936,0
human,http://www.wikidata.org/entity/Q28503323,Elsa Massa,Q28503323,0
human,http://www.wikidata.org/entity/Q43249254,Barbara Ball,Q43249254,0
human,http://www.wikidata.org/entity/Q4802534,Arvonne Fraser,Q4802534,0
human,http://www.wikidata.org/entity/Q4888830,Benjamin Hooks,Q4888830,0
human,http://www.wikidata.org/entity/Q7876243,U Thaung,Q7876243,0
human,http://www.wikidata.org/entity/Q5387848,Erica-Irene Daes,Q5387848,0
human,http://www.wikidata.org/entity/Q5562980,Ginetta Sagan,Q5562980,0
human,http://www.wikidata.org/entity/Q5628316,H. Jack Geiger,Q5628316,0
human,http://www.wikidata.org/entity/Q5724170,Beatriz H. C. Aicardi de Neuhaus,Q5724170,0
human,http://www.wikidata.org/entity/Q6018294,Mirta Acuña de Baravalle,Q6018294,0
human,http://www.wikidata.org/entity/Q552290,Balys Gajauskas,Q552290,0
human,http://www.wikidata.org/entity/Q545488,Ralph Abernathy,Q545488,1
human,http://www.wikidata.org/entity/Q13562280,Willye Dennis,Q13562280,0
human,http://www.wikidata.org/entity/Q15661601,Herman Kahan,Q15661601,0
human,http://www.wikidata.org/entity/Q6969814,Nathaniel R. Jones,Q6969814,0
human,http://www.wikidata.org/entity/Q7298972,Raymond Louw,Q7298972,0
human,http://www.wikidata.org/entity/Q51716671,Samuel B. McKinney,Q51716671,0
human,http://www.wikidata.org/entity/Q59938331,Ronald Carroll McDonald,Q59938331,0
human,http://www.wikidata.org/entity/Q108747403,Syra Villalaín de Franconetti,Q108747403,0
human,http://www.wikidata.org/entity/Q293156,Lyudmila Alexeyeva,Q293156,0
human,http://www.wikidata.org/entity/Q573532,Anthony Lewis,Q573532,3
human,http://www.wikidata.org/entity/Q4346118,Martin Ennals,Q4346118,0
human,http://www.wikidata.org/entity/Q1124639,Nélida Gómez de Navajas,Q1124639,0
human,http://www.wikidata.org/entity/Q26502776,Paul O' Higgins,Q26502776,0
human,http://www.wikidata.org/entity/Q5931434,Joan Jara,Q5931434,0
human,http://www.wikidata.org/entity/Q5657537,Adelina Dematti de Alaye,Q5657537,0
human,http://www.wikidata.org/entity/Q7360507,Roland de Corneille,Q7360507,0
human,http://www.wikidata.org/entity/Q60031132,Lesley Bartlett,Q60031132,0
human,http://www.wikidata.org/entity/Q18391,Elie Wiesel,Q18391,25
human,http://www.wikidata.org/entity/Q226030,Irena Veisaitė,Q226030,0
human,http://www.wikidata.org/entity/Q5556269,Gheorghe Briceag,Q5556269,0
human,http://www.wikidata.org/entity/Q15993334,Demetrius Newton,Q15993334,0
human,http://www.wikidata.org/entity/Q29015907,Lillie Mae Bradford,Q29015907,0
human,http://www.wikidata.org/entity/Q8027,Martin Luther King Jr.,Q8027,25
human,http://www.wikidata.org/entity/Q4252319,Alexander Lavut,Q4252319,0
human,http://www.wikidata.org/entity/Q3294066,Karel Vasak,Q3294066,0
human,http://www.wikidata.org/entity/Q6242508,John Kasper,Q6242508,0
human,http://www.wikidata.org/entity/Q14626608,Jean Kahn,Q14626608,0
human,http://www.wikidata.org/entity/Q7811663,Tobias Simon,Q7811663,0
human,http://www.wikidata.org/entity/Q1733409,Karl Wilhelm Fricke,Q1733409,0
human,http://www.wikidata.org/entity/Q38176073,Angélica Mendoza de Ascarza,Q38176073,1
human,http://www.wikidata.org/entity/Q24398859,Maxine Smith,Q24398859,0
human,http://www.wikidata.org/entity/Q326830,Johan Galtung,Q326830,3
human,http://www.wikidata.org/entity/Q68126,Felicia Langer,Q68126,0
human,http://www.wikidata.org/entity/Q708814,Li Zehou,Q708814,1
human,http://www.wikidata.org/entity/Q545569,Sergei Kovalev,Q545569,0
human,http://www.wikidata.org/entity/Q4707601,Alan Reich,Q4707601,0
human,http://www.wikidata.org/entity/Q5081070,Charles Morgan,Q5081070,0
human,http://www.wikidata.org/entity/Q5238227,David Oluwale,Q5238227,0
human,http://www.wikidata.org/entity/Q6663554,Lobat Vala,Q6663554,0
human,http://www.wikidata.org/entity/Q6821229,Mesfin Woldemariam,Q6821229,0
human,http://www.wikidata.org/entity/Q43033,Desmond Tutu,Q43033,9
human,http://www.wikidata.org/entity/Q82398,Haitham al-Maleh,Q82398,0
human,http://www.wikidata.org/entity/Q7506732,Siamak Pourzand,Q7506732,0
human,http://www.wikidata.org/entity/Q7825861,Torkel Opsahl,Q7825861,0
human,http://www.wikidata.org/entity/Q6849602,Mikhail Makarenko,Q6849602,0
human,http://www.wikidata.org/entity/Q15633866,Mathew H. Ahmann,Q15633866,1
human,http://www.wikidata.org/entity/Q7442361,Sebastian Arcos Bergnes,Q7442361,0
human,http://www.wikidata.org/entity/Q62081674,Robbie Waisman,Q62081674,1
human,http://www.wikidata.org/entity/Q65679773,Bill Barnes,Q65679773,0
human,http://www.wikidata.org/entity/Q2836179,Ali Bourequat,Q2836179,0
human,http://www.wikidata.org/entity/Q4106206,Tatyana Velikanova,Q4106206,0
human,http://www.wikidata.org/entity/Q601307,Athol Fugard,Q601307,22
human,http://www.wikidata.org/entity/Q7837812,Trefor Jenkins,Q7837812,0
human,http://www.wikidata.org/entity/Q6668825,Lola Hendricks,Q6668825,0
human,http://www.wikidata.org/entity/Q5486029,Frank Crichlow,Q5486029,0
human,http://www.wikidata.org/entity/Q5639876,Haji Faiz Mohammed,Q5639876,0
human,http://www.wikidata.org/entity/Q15439264,Muddathir Abdel-Rahim,Q15439264,0
human,http://www.wikidata.org/entity/Q2502692,Vera Chirwa,Q2502692,0
human,http://www.wikidata.org/entity/Q233843,Elizabeth Montgomery,Q233843,20
human,http://www.wikidata.org/entity/Q3018306,David Littman,Q3018306,0
human,http://www.wikidata.org/entity/Q546337,Ceija Stojka,Q546337,2
human,http://www.wikidata.org/entity/Q4803701,Asbjørn Eide,Q4803701,3
human,http://www.wikidata.org/entity/Q869844,Denis Goldberg,Q869844,0
human,http://www.wikidata.org/entity/Q19832431,Jim Letherer,Q19832431,0
human,http://www.wikidata.org/entity/Q51685655,Violeta Zúñiga,Q51685655,0
human,http://www.wikidata.org/entity/Q28450629,Doris Funnye Innis,Q28450629,0
human,http://www.wikidata.org/entity/Q123706,Jean Ziegler,Q123706,7
human,http://www.wikidata.org/entity/Q3063591,Fabien Eboussi Boulaga,Q3063591,0
human,http://www.wikidata.org/entity/Q6438934,Kronid Lyubarsky,Q6438934,0
human,http://www.wikidata.org/entity/Q724358,Willie O'Ree,Q724358,0
human,http://www.wikidata.org/entity/Q7336524,Rita Hauser,Q7336524,0
human,http://www.wikidata.org/entity/Q66685213,John Hunter Gray,Q66685213,0
human,http://www.wikidata.org/entity/Q4536741,Anatoly Yakobson,Q4536741,0
human,http://www.wikidata.org/entity/Q4803278,Asadollah Lajevardi,Q4803278,0
human,http://www.wikidata.org/entity/Q4859265,Barbara Rose Johns,Q4859265,0
human,http://www.wikidata.org/entity/Q4893356,Bernard Lee,Q4893356,0
human,http://www.wikidata.org/entity/Q5173976,Cosmas Desmond,Q5173976,0
human,http://www.wikidata.org/entity/Q27063107,Lydia Kompe,Q27063107,0
human,http://www.wikidata.org/entity/Q28648945,Maria Eugenia Bozzoli,Q28648945,0
human,http://www.wikidata.org/entity/Q28836844,Dick Leitsch,Q28836844,0
human,http://www.wikidata.org/entity/Q38846837,Allen Secher,Q38846837,1
human,http://www.wikidata.org/entity/Q50326320,Jezima Ismail,Q50326320,0
human,http://www.wikidata.org/entity/Q355648,Adem Demaçi,Q355648,0
human,http://www.wikidata.org/entity/Q374783,Sonia Picado Sotela,Q374783,0
human,http://www.wikidata.org/entity/Q239062,Winnie Madikizela-Mandela,Q239062,0
human,http://www.wikidata.org/entity/Q445635,Fang Lizhi,Q445635,1
human,http://www.wikidata.org/entity/Q2920702,Ali Salem,Q2920702,2
human,http://www.wikidata.org/entity/Q4977904,Bruce Lusignan,Q4977904,0
human,http://www.wikidata.org/entity/Q5236226,David L. Levy,Q5236226,1
human,http://www.wikidata.org/entity/Q13408837,Fatma Chamakh-Haddad,Q13408837,0
human,http://www.wikidata.org/entity/Q8055254,Yoram Dinstein,Q8055254,0
human,http://www.wikidata.org/entity/Q1980891,Jesús Blancornelas,Q1980891,0
human,http://www.wikidata.org/entity/Q28731794,Albert Turner,Q28731794,0
human,http://www.wikidata.org/entity/Q22003053,Hidaya Sultan al-Salem,Q22003053,0
human,http://www.wikidata.org/entity/Q29230,Martti Ahtisaari,Q29230,1
human,http://www.wikidata.org/entity/Q375208,Jiří Dienstbier,Q375208,0
human,http://www.wikidata.org/entity/Q230874,Anna Hazare,Q230874,0
human,http://www.wikidata.org/entity/Q3018156,Yuri Schmidt,Q3018156,0
human,http://www.wikidata.org/entity/Q700353,Harry Wu,Q700353,1
human,http://www.wikidata.org/entity/Q4802687,Aryeh Neier,Q4802687,0
human,http://www.wikidata.org/entity/Q7636278,Suliman al-Reshoudi,Q7636278,0
human,http://www.wikidata.org/entity/Q12959995,Srđa Popović,Q12959995,0
human,http://www.wikidata.org/entity/Q7693059,Ted Chabasinski,Q7693059,0
human,http://www.wikidata.org/entity/Q1362136,Martín Almada,Q1362136,0
human,http://www.wikidata.org/entity/Q5726818,Bernardo Kucinski,Q5726818,1
human,http://www.wikidata.org/entity/Q18158719,Perry Ray Robinson,Q18158719,0
human,http://www.wikidata.org/entity/Q50345057,Alia Hogben,Q50345057,0
human,http://www.wikidata.org/entity/Q56631127,Arifa Sayeda Zehra,Q56631127,0
human,http://www.wikidata.org/entity/Q22914762,Winifred Green,Q22914762,0
human,http://www.wikidata.org/entity/Q1254,Kofi Annan,Q1254,6
human,http://www.wikidata.org/entity/Q302910,Ngũgĩ wa Thiong'o,Q302910,50
human,http://www.wikidata.org/entity/Q313868,Fela Kuti,Q313868,33
human,http://www.wikidata.org/entity/Q597875,Anatoly Marchenko,Q597875,1
human,http://www.wikidata.org/entity/Q6304429,Judy Feld Carr,Q6304429,0
human,http://www.wikidata.org/entity/Q5271147,Diana E. H. Russell,Q5271147,1
human,http://www.wikidata.org/entity/Q16006994,Jesús Héctor Gallego Herrera,Q16006994,0
human,http://www.wikidata.org/entity/Q81289,Nguyen Chi Thien,Q81289,0
human,http://www.wikidata.org/entity/Q468897,Claudette Colvin,Q468897,0
human,http://www.wikidata.org/entity/Q5068443,Chakufwa Chihana,Q5068443,0
human,http://www.wikidata.org/entity/Q15078679,Eugenia Bonetti,Q15078679,0
human,http://www.wikidata.org/entity/Q5442144,Felix Bonne,Q5442144,0
human,http://www.wikidata.org/entity/Q6782044,María Julia Hernández,Q6782044,0
human,http://www.wikidata.org/entity/Q1980761,Paraska Korolyuk,Q1980761,0
human,http://www.wikidata.org/entity/Q4263645,Pavel Litvinov,Q4263645,0
human,http://www.wikidata.org/entity/Q518591,Gareth Peirce,Q518591,0
human,http://www.wikidata.org/entity/Q6303513,Judith Krug,Q6303513,0
human,http://www.wikidata.org/entity/Q6935547,Mun Jeong-hyeon,Q6935547,1
human,http://www.wikidata.org/entity/Q7105959,Oscar Espinosa Chepe,Q7105959,0
human,http://www.wikidata.org/entity/Q18001222,Miss Major Griffin-Gracy,Q18001222,1
human,http://www.wikidata.org/entity/Q131725,Joan Baez,Q131725,18
human,http://www.wikidata.org/entity/Q146804,Phillip Buck,Q146804,0
human,http://www.wikidata.org/entity/Q242078,Navanethem Pillay,Q242078,0
human,http://www.wikidata.org/entity/Q4149401,Sergei Grigoryants,Q4149401,1
human,http://www.wikidata.org/entity/Q5095139,Chia Thye Poh,Q5095139,0
human,http://www.wikidata.org/entity/Q5362988,Elizabeth Holtzman,Q5362988,0
human,http://www.wikidata.org/entity/Q5504977,Fritz Moen,Q5504977,0
human,http://www.wikidata.org/entity/Q17859691,Ella Polyakova,Q17859691,0
human,http://www.wikidata.org/entity/Q1999165,Elizabeth Eckford,Q1999165,0
human,http://www.wikidata.org/entity/Q19894336,Cecil Rajendra,Q19894336,0
human,http://www.wikidata.org/entity/Q439435,Shin Suk-ja,Q439435,0
human,http://www.wikidata.org/entity/Q167762,Aref Dalila,Q167762,0
human,http://www.wikidata.org/entity/Q360471,Vladimir Bukovsky,Q360471,3
human,http://www.wikidata.org/entity/Q436213,Svetlana Gannushkina,Q436213,1
human,http://www.wikidata.org/entity/Q438397,Thomas Hammarberg,Q438397,62
human,http://www.wikidata.org/entity/Q299513,Alison Des Forges,Q299513,2
human,http://www.wikidata.org/entity/Q310886,Hissène Habré,Q310886,0
human,http://www.wikidata.org/entity/Q3086618,Françoise Tulkens,Q3086618,0
human,http://www.wikidata.org/entity/Q6294241,José Zalaquett,Q6294241,0
human,http://www.wikidata.org/entity/Q774982,Đoàn Viết Hoạt,Q774982,0
human,http://www.wikidata.org/entity/Q5213944,Dan Massey,Q5213944,0
human,http://www.wikidata.org/entity/Q6745231,Mam Sonando,Q6745231,0
human,http://www.wikidata.org/entity/Q6828565,Michael Beloff,Q6828565,0
human,http://www.wikidata.org/entity/Q7938770,Vladimiro Roca,Q7938770,0
human,http://www.wikidata.org/entity/Q7022793,Nguyễn Đan Quế,Q7022793,0
human,http://www.wikidata.org/entity/Q23020546,Dumile Feni,Q23020546,1
human,http://www.wikidata.org/entity/Q23678494,Parvaneh Milani,Q23678494,0
human,http://www.wikidata.org/entity/Q149373,Rachel Oestreicher Bernheim,Q149373,0
human,http://www.wikidata.org/entity/Q346720,David Matas,Q346720,0
human,http://www.wikidata.org/entity/Q452300,Souhayr Belhassen,Q452300,0
human,http://www.wikidata.org/entity/Q4066117,Nikolay Andrushchenko,Q4066117,0
human,http://www.wikidata.org/entity/Q6395870,Kevin Boyle,Q6395870,0
human,http://www.wikidata.org/entity/Q4764648,Khun Htun Oo,Q4764648,0
human,http://www.wikidata.org/entity/Q5222351,Darcus Howe,Q5222351,0
human,http://www.wikidata.org/entity/Q5236142,David Kretzmer,Q5236142,0
human,http://www.wikidata.org/entity/Q13560247,Janet M. Suzuki,Q13560247,0
human,http://www.wikidata.org/entity/Q26262455,Faith Holsaert,Q26262455,0
human,http://www.wikidata.org/entity/Q6983426,Nazia Khanum,Q6983426,0
human,http://www.wikidata.org/entity/Q5761439,Hilda Morales Trujillo,Q5761439,0
human,http://www.wikidata.org/entity/Q7312895,Rene Gomez Manzano,Q7312895,0
human,http://www.wikidata.org/entity/Q47542294,John C. Pollock,Q47542294,0
human,http://www.wikidata.org/entity/Q23808779,Donna Lewis Friess,Q23808779,0
human,http://www.wikidata.org/entity/Q1253,Ban Ki-moon,Q1253,0
human,http://www.wikidata.org/entity/Q251012,Álvaro Gil-Robles,Q251012,0
human,http://www.wikidata.org/entity/Q3805618,Jack Mapanje,Q3805618,2
human,http://www.wikidata.org/entity/Q3639185,Iqbal Athas,Q3639185,0
human,http://www.wikidata.org/entity/Q933059,John Ruggie,Q933059,0
human,http://www.wikidata.org/entity/Q4792445,Arlyn Phoenix,Q4792445,0
human,http://www.wikidata.org/entity/Q5045164,Caroline Moorehead,Q5045164,3
human,http://www.wikidata.org/entity/Q6809813,Mehrangiz Kar,Q6809813,0
human,http://www.wikidata.org/entity/Q8046468,Yacob Haile-Mariam,Q8046468,0
human,http://www.wikidata.org/entity/Q16106547,Helen Bayes,Q16106547,0
human,http://www.wikidata.org/entity/Q16132466,Haya Shalom,Q16132466,0
human,http://www.wikidata.org/entity/Q7042927,Sylva Zalmanson,Q7042927,0
human,http://www.wikidata.org/entity/Q7155314,Paulo Sérgio Pinheiro,Q7155314,0
human,http://www.wikidata.org/entity/Q6177109,Jemera Rone,Q6177109,0
human,http://www.wikidata.org/entity/Q7312321,Ren Wanding,Q7312321,0
human,http://www.wikidata.org/entity/Q19818216,Sammy Younge Jr.,Q19818216,0
human,http://www.wikidata.org/entity/Q19874071,James Youngblood Henderson,Q19874071,0
human,http://www.wikidata.org/entity/Q7349056,Robert Provan,Q7349056,0
human,http://www.wikidata.org/entity/Q22006050,Maryann Krieglstein,Q22006050,0
human,http://www.wikidata.org/entity/Q66482415,Marie Smallface Marule,Q66482415,0
human,http://www.wikidata.org/entity/Q292611,Marta Beatriz Roque,Q292611,0
human,http://www.wikidata.org/entity/Q36740,Aung San Suu Kyi,Q36740,2
human,http://www.wikidata.org/entity/Q4726036,Alice Nkom,Q4726036,0
human,http://www.wikidata.org/entity/Q913239,Brian Williamson,Q913239,0
human,http://www.wikidata.org/entity/Q15079483,Valery Senderov,Q15079483,0
human,http://www.wikidata.org/entity/Q9028898,Maria da Penha,Q9028898,0
human,http://www.wikidata.org/entity/Q6781884,Marzuki Darusman,Q6781884,2
human,http://www.wikidata.org/entity/Q1391733,Farag Foda,Q1391733,0
human,http://www.wikidata.org/entity/Q5534792,Geoffrey Nice,Q5534792,0
human,http://www.wikidata.org/entity/Q5536268,George Annas,Q5536268,0
human,http://www.wikidata.org/entity/Q16106991,Surat Ikramov,Q16106991,0
human,http://www.wikidata.org/entity/Q16543585,Carmen Hertz,Q16543585,0
human,http://www.wikidata.org/entity/Q43192860,António Serzedelo,Q43192860,0
human,http://www.wikidata.org/entity/Q19609619,Suzanne Arms,Q19609619,0
human,http://www.wikidata.org/entity/Q2013299,Ocak Işık Yurtçu,Q2013299,0
human,http://www.wikidata.org/entity/Q163714,Adam Michnik,Q163714,3
human,http://www.wikidata.org/entity/Q452736,Nataša Kandić,Q452736,0
human,http://www.wikidata.org/entity/Q2866896,Viktor Popkov,Q2866896,0
human,http://www.wikidata.org/entity/Q3033418,Geoffrey Robertson,Q3033418,3
human,http://www.wikidata.org/entity/Q469863,Irene Fernandez,Q469863,0
human,http://www.wikidata.org/entity/Q532124,Ian Martin,Q532124,1
human,http://www.wikidata.org/entity/Q726349,Allan Boesak,Q726349,0
human,http://www.wikidata.org/entity/Q4831950,Ayşenur Zarakolu,Q4831950,0
human,http://www.wikidata.org/entity/Q12085934,Volodymyr Butkevych,Q12085934,0
human,http://www.wikidata.org/entity/Q6767246,Mark D. Naison,Q6767246,0
human,http://www.wikidata.org/entity/Q6836830,Michele Ritterman,Q6836830,0
human,http://www.wikidata.org/entity/Q27469256,Sizani Ngubane,Q27469256,0
human,http://www.wikidata.org/entity/Q15993349,Mike O'Connor,Q15993349,0
human,http://www.wikidata.org/entity/Q7081115,Ohn Than,Q7081115,0
human,http://www.wikidata.org/entity/Q18356712,G. Flint Taylor,Q18356712,0
human,http://www.wikidata.org/entity/Q17306058,Anatoly Klyan,Q17306058,0
human,http://www.wikidata.org/entity/Q5657505,Harilyn Rousso,Q5657505,0
human,http://www.wikidata.org/entity/Q60198003,Harmon Wray,Q60198003,0
human,http://www.wikidata.org/entity/Q131152,Shirin Ebadi,Q131152,2
human,http://www.wikidata.org/entity/Q374752,Frank Van Dun,Q374752,0
human,http://www.wikidata.org/entity/Q239235,Louise Arbour,Q239235,0
human,http://www.wikidata.org/entity/Q299574,Anwar Ibrahim,Q299574,2
human,http://www.wikidata.org/entity/Q311684,Michael Ignatieff,Q311684,8
human,http://www.wikidata.org/entity/Q485574,Kim Geun-tae,Q485574,0
human,http://www.wikidata.org/entity/Q4142761,Alexander Goldfarb,Q4142761,2
human,http://www.wikidata.org/entity/Q6270455,Jon Burge,Q6270455,0
human,http://www.wikidata.org/entity/Q4666471,Abed Hamed Mowhoush,Q4666471,0
human,http://www.wikidata.org/entity/Q6490961,Larry Platt,Q6490961,1
human,http://www.wikidata.org/entity/Q16734878,Ljiljana Raičević,Q16734878,0
human,http://www.wikidata.org/entity/Q5678085,Hasan Abazi,Q5678085,0
human,http://www.wikidata.org/entity/Q1462173,Alfred-Maurice de Zayas,Q1462173,3
human,http://www.wikidata.org/entity/Q5528610,Gay McDougall,Q5528610,1
human,http://www.wikidata.org/entity/Q5559359,Gibson Kamau Kuria,Q5559359,0
human,http://www.wikidata.org/entity/Q6947494,Myint Thein,Q6947494,0
human,http://www.wikidata.org/entity/Q6153192,Janet Benshoof,Q6153192,0
human,http://www.wikidata.org/entity/Q439633,Sonja Biserko,Q439633,2
human,http://www.wikidata.org/entity/Q379853,Akın Birdal,Q379853,0
human,http://www.wikidata.org/entity/Q3847678,Marianella García Villas,Q3847678,0
human,http://www.wikidata.org/entity/Q3220052,Lazhar Bououni,Q3220052,0
human,http://www.wikidata.org/entity/Q6260884,John Timoney,Q6260884,0
human,http://www.wikidata.org/entity/Q4748533,Ampon Tangnoppakul,Q4748533,0
human,http://www.wikidata.org/entity/Q7449959,Şenal Sarıhan,Q7449959,0
human,http://www.wikidata.org/entity/Q6892426,Mohammad Seifzadeh,Q6892426,1
human,http://www.wikidata.org/entity/Q6766233,Marjorie Cohn,Q6766233,2
human,http://www.wikidata.org/entity/Q26251226,Aisha Al-Mana,Q26251226,1
human,http://www.wikidata.org/entity/Q16845232,Rhoda Howard-Hassmann,Q16845232,0
human,http://www.wikidata.org/entity/Q16939468,Mahjoub Sharif,Q16939468,0
human,http://www.wikidata.org/entity/Q15521633,Randy Weaver,Q15521633,0
human,http://www.wikidata.org/entity/Q1980074,Gustavo Gorriti,Q1980074,0
human,http://www.wikidata.org/entity/Q2311535,Yndamiro Restano Díaz,Q2311535,0
human,http://www.wikidata.org/entity/Q7341929,Robert Bates,Q7341929,0
human,http://www.wikidata.org/entity/Q22003467,Bridget Tan,Q22003467,0
human,http://www.wikidata.org/entity/Q149760,Ahmed Subhy Mansour,Q149760,2
human,http://www.wikidata.org/entity/Q4662358,Aaron Rhodes,Q4662358,0
human,http://www.wikidata.org/entity/Q4895481,Bertha Gilkey,Q4895481,0
human,http://www.wikidata.org/entity/Q6525873,Leonard Zeskind,Q6525873,1
human,http://www.wikidata.org/entity/Q7782894,Theresa Sparks,Q7782894,0
human,http://www.wikidata.org/entity/Q6835532,Michael Zinzun,Q6835532,0
human,http://www.wikidata.org/entity/Q26761021,Alice Mabota,Q26761021,0
human,http://www.wikidata.org/entity/Q16142975,Sev Ozdowski,Q16142975,0
human,http://www.wikidata.org/entity/Q1747635,William F. Schulz,Q1747635,0
human,http://www.wikidata.org/entity/Q7283355,Raheel Raza,Q7283355,0
human,http://www.wikidata.org/entity/Q55872583,Antônia Melo,Q55872583,0
human,http://www.wikidata.org/entity/Q22279342,Walter Naegle,Q22279342,0
human,http://www.wikidata.org/entity/Q435288,Wang Xiaoning,Q435288,0
human,http://www.wikidata.org/entity/Q318130,Wei Jingsheng,Q318130,1
human,http://www.wikidata.org/entity/Q113766,Manfred Nowak,Q113766,1
human,http://www.wikidata.org/entity/Q471882,Pasteur Bizimungu,Q471882,0
human,http://www.wikidata.org/entity/Q541780,Sihem Bensedrine,Q541780,0
human,http://www.wikidata.org/entity/Q3754806,Furio Radin,Q3754806,0
human,http://www.wikidata.org/entity/Q4666088,Abdullah al-Hamid,Q4666088,0
human,http://www.wikidata.org/entity/Q4695435,Ahmad Qatamesh,Q4695435,0
human,http://www.wikidata.org/entity/Q4725277,Ali al-Abdallah,Q4725277,0
human,http://www.wikidata.org/entity/Q718089,Li Wangyang,Q718089,0
human,http://www.wikidata.org/entity/Q4810638,Aster Yohannes,Q4810638,0
human,http://www.wikidata.org/entity/Q4821909,Aung Pwint,Q4821909,0
human,http://www.wikidata.org/entity/Q863536,Binayak Sen,Q863536,0
human,http://www.wikidata.org/entity/Q4891268,Berenice Celeyta,Q4891268,0
human,http://www.wikidata.org/entity/Q5230802,David Anthony Chimhini,Q5230802,0
human,http://www.wikidata.org/entity/Q6482818,Lan Zhixue,Q6482818,0
human,http://www.wikidata.org/entity/Q7844633,Triveni Acharya,Q7844633,0
human,http://www.wikidata.org/entity/Q7876228,U Myint Aye,Q7876228,0
human,http://www.wikidata.org/entity/Q5368974,Eman al-Nafjan,Q5368974,1
human,http://www.wikidata.org/entity/Q6833593,Michael Posner,Q6833593,0
human,http://www.wikidata.org/entity/Q27736960,Romana Bashir,Q27736960,0
human,http://www.wikidata.org/entity/Q5565037,Gita Sahgal,Q5565037,0
human,http://www.wikidata.org/entity/Q17068162,Maina Kiai,Q17068162,0
human,http://www.wikidata.org/entity/Q7183120,Philip Alston,Q7183120,0
human,http://www.wikidata.org/entity/Q7404520,Salijon Abdurahmanov,Q7404520,0
human,http://www.wikidata.org/entity/Q28934190,Ken Jones,Q28934190,0
human,http://www.wikidata.org/entity/Q7322658,Ricardo González Alfonso,Q7322658,0
human,http://www.wikidata.org/entity/Q53871273,Aziza al-Yousef,Q53871273,0
human,http://www.wikidata.org/entity/Q61946250,M. Cristina Alcalde,Q61946250,0
human,http://www.wikidata.org/entity/Q61947680,Zakia Dhifaoui,Q61947680,0
human,http://www.wikidata.org/entity/Q62620111,Rhona Smith,Q62620111,0
human,http://www.wikidata.org/entity/Q19895564,Sidiki Kaba,Q19895564,0
human,http://www.wikidata.org/entity/Q20973137,Tracy Robinson,Q20973137,0
human,http://www.wikidata.org/entity/Q66627881,Raja Nicola,Q66627881,0
human,http://www.wikidata.org/entity/Q4631,Mohamed Morsi,Q4631,0
human,http://www.wikidata.org/entity/Q216608,Bob Geldof,Q216608,9
human,http://www.wikidata.org/entity/Q2920375,Ezra Nawi,Q2920375,0
human,http://www.wikidata.org/entity/Q3910837,Azimzhan Askarov,Q3910837,0
human,http://www.wikidata.org/entity/Q7608954,Stephen Corry,Q7608954,0
human,http://www.wikidata.org/entity/Q4949891,Elisabeth Gerle,Q4949891,0
human,http://www.wikidata.org/entity/Q15149893,Lars G. Petersson,Q15149893,0
human,http://www.wikidata.org/entity/Q5359449,Mohammed Al-Sager,Q5359449,0
human,http://www.wikidata.org/entity/Q10860856,Houshang Asadi,Q10860856,0
human,http://www.wikidata.org/entity/Q6752957,Manuel Vázquez Portal,Q6752957,0
human,http://www.wikidata.org/entity/Q6830813,Michael Grodin,Q6830813,0
human,http://www.wikidata.org/entity/Q1516440,Nahid Toubia,Q1516440,0
human,http://www.wikidata.org/entity/Q16149178,Kenneth Klassen,Q16149178,0
human,http://www.wikidata.org/entity/Q16150414,Nusreta Sivac,Q16150414,1
human,http://www.wikidata.org/entity/Q6178410,Jennifer Harbury,Q6178410,0
human,http://www.wikidata.org/entity/Q7285550,Raja Shehadeh,Q7285550,1
human,http://www.wikidata.org/entity/Q19601531,Isabel Coe,Q19601531,0
human,http://www.wikidata.org/entity/Q68311140,Damu Smith,Q68311140,0
human,http://www.wikidata.org/entity/Q66312074,Jeanne Rorex-Bridges,Q66312074,0
human,http://www.wikidata.org/entity/Q440597,Oswaldo Payá,Q440597,0
human,http://www.wikidata.org/entity/Q2929705,Bechir Tekkari,Q2929705,0
human,http://www.wikidata.org/entity/Q492593,Carsten Jensen,Q492593,5
human,http://www.wikidata.org/entity/Q4071876,Bolat Atabaev,Q4071876,0
human,http://www.wikidata.org/entity/Q5128700,Claude Barnes,Q5128700,0
human,http://www.wikidata.org/entity/Q12860084,Vincent Forrester,Q12860084,0
human,http://www.wikidata.org/entity/Q5515530,Gabriel Andreescu,Q5515530,0
human,http://www.wikidata.org/entity/Q1444462,Frank William La Rue,Q1444462,0
human,http://www.wikidata.org/entity/Q1522527,Asma Jahangir,Q1522527,0
human,http://www.wikidata.org/entity/Q7969105,Wardah Hafidz,Q7969105,1
human,http://www.wikidata.org/entity/Q16017593,Misael Tamayo Hernández,Q16017593,0
human,http://www.wikidata.org/entity/Q7061712,Nosa Igiebor,Q7061712,0
human,http://www.wikidata.org/entity/Q5960414,Arzhang Davoodi,Q5960414,0
human,http://www.wikidata.org/entity/Q52209335,Gertrude Fester,Q52209335,0
human,http://www.wikidata.org/entity/Q56224119,Hatidža Mehmedović,Q56224119,0
human,http://www.wikidata.org/entity/Q20675725,Eric Stover,Q20675725,0
human,http://www.wikidata.org/entity/Q108817009,Henrique Antunes Cunha Júnior,Q108817009,0
human,http://www.wikidata.org/entity/Q64481558,Nancy Polikoff,Q64481558,0
human,http://www.wikidata.org/entity/Q308248,Abdolfattah Soltani,Q308248,0
human,http://www.wikidata.org/entity/Q461355,Radhika Coomaraswamy,Q461355,0
human,http://www.wikidata.org/entity/Q2947463,In Jae-keun,Q2947463,0
human,http://www.wikidata.org/entity/Q542161,Radhia Nasraoui,Q542161,0
human,http://www.wikidata.org/entity/Q559228,Taner Akçam,Q559228,6
human,http://www.wikidata.org/entity/Q3317910,Modeste Mutinga,Q3317910,0
human,http://www.wikidata.org/entity/Q3417991,Raji Sourani,Q3417991,0
human,http://www.wikidata.org/entity/Q4768158,Anne Bayefsky,Q4768158,0
human,http://www.wikidata.org/entity/Q1356729,Naziha Réjiba,Q1356729,0
human,http://www.wikidata.org/entity/Q16191127,Loly Rico,Q16191127,0
human,http://www.wikidata.org/entity/Q5511621,Félix Navarro Rodríguez,Q5511621,0
human,http://www.wikidata.org/entity/Q5617162,Gul Rahman,Q5617162,0
human,http://www.wikidata.org/entity/Q16148355,Mohammed Ahmed Abdallah,Q16148355,0
human,http://www.wikidata.org/entity/Q16185411,Musimbi Kanyoro,Q16185411,0
human,http://www.wikidata.org/entity/Q16185468,Andra Medea,Q16185468,0
human,http://www.wikidata.org/entity/Q16185495,Nina Nayak,Q16185495,0
human,http://www.wikidata.org/entity/Q16190242,Vednita Carter,Q16190242,0
human,http://www.wikidata.org/entity/Q7038106,Nina Shea,Q7038106,0
human,http://www.wikidata.org/entity/Q37587381,Katya Komisaruk,Q37587381,0
human,http://www.wikidata.org/entity/Q19668343,John Winterdyk,Q19668343,0
human,http://www.wikidata.org/entity/Q62029766,Marjorie Farquharson,Q62029766,0
human,http://www.wikidata.org/entity/Q442845,Andrei Sannikov,Q442845,1
human,http://www.wikidata.org/entity/Q167999,Zbigniew Bujak,Q167999,0
human,http://www.wikidata.org/entity/Q4303647,Karinna Moskalenko,Q4303647,0
human,http://www.wikidata.org/entity/Q2756707,Omar Belhouchet,Q2756707,0
human,http://www.wikidata.org/entity/Q3442375,Kailash Satyarthi,Q3442375,1
human,http://www.wikidata.org/entity/Q4909010,Bill Foley,Q4909010,0
human,http://www.wikidata.org/entity/Q5207397,Daayiee Abdullah,Q5207397,0
human,http://www.wikidata.org/entity/Q5516030,Gabriella Ambrosio,Q5516030,1
human,http://www.wikidata.org/entity/Q1981350,Ricardo Uceda,Q1981350,1
human,http://www.wikidata.org/entity/Q30122715,Virginia Gamba,Q30122715,0
human,http://www.wikidata.org/entity/Q30122825,Doug Jones,Q30122825,0
human,http://www.wikidata.org/entity/Q7264586,Päivi Hirvelä,Q7264586,0
human,http://www.wikidata.org/entity/Q50294468,Lucy Sichone,Q50294468,0
human,http://www.wikidata.org/entity/Q2085747,Phil ya Nangoloh,Q2085747,0
human,http://www.wikidata.org/entity/Q6123884,Jaime Prieto Mendez,Q6123884,0
human,http://www.wikidata.org/entity/Q440689,Renate Weber,Q440689,0
human,http://www.wikidata.org/entity/Q442061,Boris Dittrich,Q442061,0
human,http://www.wikidata.org/entity/Q41617,Liu Xiaobo,Q41617,4
human,http://www.wikidata.org/entity/Q318808,Baltasar Garzón,Q318808,3
human,http://www.wikidata.org/entity/Q4303668,Tatiana Moskalkova,Q4303668,0
human,http://www.wikidata.org/entity/Q522451,Alicia Partnoy,Q522451,1
human,http://www.wikidata.org/entity/Q6390647,Kenneth Roth,Q6390647,0
human,http://www.wikidata.org/entity/Q817624,Benjamin Moloise,Q817624,0
human,http://www.wikidata.org/entity/Q1044258,Carola Stabe,Q1044258,0
human,http://www.wikidata.org/entity/Q1187542,Denis Mukwege,Q1187542,1
human,http://www.wikidata.org/entity/Q5359599,Thepchai Yong,Q5359599,0
human,http://www.wikidata.org/entity/Q11297116,Kathryn Sikkink,Q11297116,0
human,http://www.wikidata.org/entity/Q5521626,Gao Qinrong,Q5521626,0
human,http://www.wikidata.org/entity/Q26720734,Jael Silliman,Q26720734,0
human,http://www.wikidata.org/entity/Q16186706,Hong Song-dam,Q16186706,0
human,http://www.wikidata.org/entity/Q1960615,Tatyana Mitkova,Q1960615,0
human,http://www.wikidata.org/entity/Q7282682,Rafiq Hajat,Q7282682,0
human,http://www.wikidata.org/entity/Q17198197,Graeme Innes,Q17198197,0
human,http://www.wikidata.org/entity/Q53871233,Madeha AlAjroush,Q53871233,0
human,http://www.wikidata.org/entity/Q63242359,Sergia Galván Ortega,Q63242359,0
human,http://www.wikidata.org/entity/Q23816417,Soraya Darabi,Q23816417,0
human,http://www.wikidata.org/entity/Q67173502,Camara Phyllis Jones,Q67173502,0
human,http://www.wikidata.org/entity/Q420218,Akmal Shaikh,Q420218,0
human,http://www.wikidata.org/entity/Q257835,Irene Khan,Q257835,0
human,http://www.wikidata.org/entity/Q4307791,Musa Muradov,Q4307791,0
human,http://www.wikidata.org/entity/Q113781,Mina Ahadi,Q113781,0
human,http://www.wikidata.org/entity/Q3018965,Jill Stanek,Q3018965,0
human,http://www.wikidata.org/entity/Q3644126,Emmie Chanika,Q3644126,0
human,http://www.wikidata.org/entity/Q4763315,Angkhana Neelaphaijit,Q4763315,0
human,http://www.wikidata.org/entity/Q4853327,Bambang Harymurti,Q4853327,0
human,http://www.wikidata.org/entity/Q5379786,Enrique Perea Quintanilla,Q5379786,0
human,http://www.wikidata.org/entity/Q8062382,Yvette Rekangalt,Q8062382,0
human,http://www.wikidata.org/entity/Q27862285,Valentina Cherevatenko,Q27862285,0
human,http://www.wikidata.org/entity/Q5500572,Freedom Neruda,Q5500572,0
human,http://www.wikidata.org/entity/Q16070048,Yanghee Lee,Q16070048,1
human,http://www.wikidata.org/entity/Q16150836,Mudawi Ibrahim Adam,Q16150836,0
human,http://www.wikidata.org/entity/Q16187134,Paul Kamara,Q16187134,0
human,http://www.wikidata.org/entity/Q6940096,Musallam Al-Barrak,Q6940096,0
human,http://www.wikidata.org/entity/Q28606432,Phil Shiner,Q28606432,0
human,http://www.wikidata.org/entity/Q42728980,Palmira N. Ríos,Q42728980,0
human,http://www.wikidata.org/entity/Q19664358,Jenny Munro,Q19664358,0
human,http://www.wikidata.org/entity/Q7351793,Roberto Marcos García,Q7351793,0
human,http://www.wikidata.org/entity/Q160115,Ai Weiwei,Q160115,23
human,http://www.wikidata.org/entity/Q463554,Hilaria Supa,Q463554,0
human,http://www.wikidata.org/entity/Q262364,Sima Samar,Q262364,0
human,http://www.wikidata.org/entity/Q2658909,Greg Mortenson,Q2658909,4
human,http://www.wikidata.org/entity/Q3893899,Mashallah Shamsolvaezin,Q3893899,0
human,http://www.wikidata.org/entity/Q920942,Mohammed Daddach,Q920942,0
human,http://www.wikidata.org/entity/Q4877180,Beatrice Mtetwa,Q4877180,0
human,http://www.wikidata.org/entity/Q4984084,Jelena Urlajeva,Q4984084,0
human,http://www.wikidata.org/entity/Q968608,Jan Egeland,Q968608,0
human,http://www.wikidata.org/entity/Q1086832,Cu Huy Ha Vu,Q1086832,0
human,http://www.wikidata.org/entity/Q1387498,Salih Mahmoud Osman,Q1387498,0
human,http://www.wikidata.org/entity/Q7924321,Vi Đức Hồi,Q7924321,0
human,http://www.wikidata.org/entity/Q5568404,Glendene Grant,Q5568404,0
human,http://www.wikidata.org/entity/Q16017893,Rodolfo Rincón Taracena,Q16017893,0
human,http://www.wikidata.org/entity/Q16189480,Joanelle Romero,Q16189480,0
human,http://www.wikidata.org/entity/Q1883334,Madi Ceesay,Q1883334,0
human,http://www.wikidata.org/entity/Q2356223,Pius Njawé,Q2356223,0
human,http://www.wikidata.org/entity/Q66730603,Nemat Abdullah Khair,Q66730603,0
human,http://www.wikidata.org/entity/Q127304,Salima Ghezali,Q127304,0
human,http://www.wikidata.org/entity/Q131240,Anna Politkovskaya,Q131240,7
human,http://www.wikidata.org/entity/Q237533,Natalya Estemirova,Q237533,0
human,http://www.wikidata.org/entity/Q4026015,Fesshaye Yohannes,Q4026015,0
human,http://www.wikidata.org/entity/Q543714,María Elena Moyano,Q543714,0
human,http://www.wikidata.org/entity/Q687745,Lasantha Wickrematunge,Q687745,1
human,http://www.wikidata.org/entity/Q3293004,Mariem Hassan,Q3293004,1
human,http://www.wikidata.org/entity/Q6355504,Kamal Qadir,Q6355504,0
human,http://www.wikidata.org/entity/Q6409971,Kimberly Prost,Q6409971,0
human,http://www.wikidata.org/entity/Q726260,Craig Murray,Q726260,0
human,http://www.wikidata.org/entity/Q4891781,Berhanu Nega,Q4891781,0
human,http://www.wikidata.org/entity/Q4910860,Bill Shipsey,Q4910860,0
human,http://www.wikidata.org/entity/Q4960647,Brenda Cherry,Q4960647,0
human,http://www.wikidata.org/entity/Q5247437,Death of Eugene Ejike Obiora,Q5247437,0
human,http://www.wikidata.org/entity/Q1044641,Carolyn Gomes,Q1044641,0
human,http://www.wikidata.org/entity/Q13860505,Akhmednabi Akhmednabiev,Q13860505,0
human,http://www.wikidata.org/entity/Q15040884,David Batstone,Q15040884,0
human,http://www.wikidata.org/entity/Q9026469,Macedonia Blas Flores,Q9026469,0
human,http://www.wikidata.org/entity/Q9029193,Marisela Ortiz Escobedo,Q9029193,0
human,http://www.wikidata.org/entity/Q11274387,Choo Mi-ae,Q11274387,0
human,http://www.wikidata.org/entity/Q16192764,Ignatyev Sergey Yurievich,Q16192764,0
human,http://www.wikidata.org/entity/Q6798485,Mazhar Abbas,Q6798485,0
human,http://www.wikidata.org/entity/Q6834629,Michael Stewart,Q6834629,0
human,http://www.wikidata.org/entity/Q7038554,Nineth Montenegro,Q7038554,0
human,http://www.wikidata.org/entity/Q7368411,Rosemary Nelson,Q7368411,0
human,http://www.wikidata.org/entity/Q33188064,Edward Francis Trevenen Brown,Q33188064,0
human,http://www.wikidata.org/entity/Q42304542,Nigel Richardson,Q42304542,0
human,http://www.wikidata.org/entity/Q16731963,Guilhermina Marçal,Q16731963,0
human,http://www.wikidata.org/entity/Q2502233,Urvashi Vaid,Q2502233,2
human,http://www.wikidata.org/entity/Q67162677,Intisar el-Zein Soghayroun,Q67162677,0
human,http://www.wikidata.org/entity/Q64010422,Tashpolat Tiyip,Q64010422,0
human,http://www.wikidata.org/entity/Q169289,Anwar al-Bunni,Q169289,0
human,http://www.wikidata.org/entity/Q2997513,Cornelius Dupree,Q2997513,0
human,http://www.wikidata.org/entity/Q467912,Kerry Kennedy,Q467912,1
human,http://www.wikidata.org/entity/Q469247,Eren Keskin,Q469247,0
human,http://www.wikidata.org/entity/Q520173,Leila de Lima,Q520173,0
human,http://www.wikidata.org/entity/Q6304918,Jugnu Mohsin Sethi,Q6304918,0
human,http://www.wikidata.org/entity/Q745917,Filep Karma,Q745917,0
human,http://www.wikidata.org/entity/Q4853331,Bambang Widjojanto,Q4853331,0
human,http://www.wikidata.org/entity/Q5111630,Christof Heyns,Q5111630,0
human,http://www.wikidata.org/entity/Q4955600,Philo Ikonya,Q4955600,1
human,http://www.wikidata.org/entity/Q14945717,Nicholas Hilliard,Q14945717,0
human,http://www.wikidata.org/entity/Q5474071,Fouad Mahmoud al Rabiah,Q5474071,0
human,http://www.wikidata.org/entity/Q6764595,Mario Calixto,Q6764595,0
human,http://www.wikidata.org/entity/Q6776108,Martin Macwan,Q6776108,0
human,http://www.wikidata.org/entity/Q5495831,Fred M'membe,Q5495831,0
human,http://www.wikidata.org/entity/Q5576318,Godeliève Mukasarasi,Q5576318,0
human,http://www.wikidata.org/entity/Q5612787,Grémah Boucar,Q5612787,0
human,http://www.wikidata.org/entity/Q7023191,Ngô Đình Lệ Quyên,Q7023191,0
human,http://www.wikidata.org/entity/Q1657640,Igor Domnikov,Q1657640,0
human,http://www.wikidata.org/entity/Q50571960,Luz Marina Bernal,Q50571960,1
human,http://www.wikidata.org/entity/Q16728491,Simon Deng,Q16728491,0
human,http://www.wikidata.org/entity/Q2367578,Heshmat Tabarzadi,Q2367578,0
human,http://www.wikidata.org/entity/Q20439390,Yolanda Becerra Vega,Q20439390,0
human,http://www.wikidata.org/entity/Q31637,Jafar Panahi,Q31637,15
human,http://www.wikidata.org/entity/Q99736,Wolfgang Kaleck,Q99736,1
human,http://www.wikidata.org/entity/Q318381,Abel Barrera Hernández,Q318381,0
human,http://www.wikidata.org/entity/Q4746563,Amir Hossein Heshmat Saran,Q4746563,0
human,http://www.wikidata.org/entity/Q4937352,Bogaletch Gebre,Q4937352,0
human,http://www.wikidata.org/entity/Q5254427,Delphine Djiraïbé,Q5254427,0
human,http://www.wikidata.org/entity/Q9036573,Shieh Chung-liang,Q9036573,0
human,http://www.wikidata.org/entity/Q12199962,Iraj Mesdaghi,Q12199962,2
human,http://www.wikidata.org/entity/Q5298655,Dorothy Thomas,Q5298655,0
human,http://www.wikidata.org/entity/Q1568859,Viktor Ivančić,Q1568859,0
human,http://www.wikidata.org/entity/Q15293951,Khadija Ryadi,Q15293951,0
human,http://www.wikidata.org/entity/Q6986763,Neelam Chaturvedi,Q6986763,0
human,http://www.wikidata.org/entity/Q39671734,Ibrahim Metwaly,Q39671734,0
human,http://www.wikidata.org/entity/Q18685370,Kamala Chandrakirana,Q18685370,0
human,http://www.wikidata.org/entity/Q51210860,Sherry Johnson,Q51210860,0
human,http://www.wikidata.org/entity/Q2026027,Bulambo Lembelembe Josué,Q2026027,0
human,http://www.wikidata.org/entity/Q464689,Leyla Zana,Q464689,0
human,http://www.wikidata.org/entity/Q3178629,Jigme Gyatso,Q3178629,0
human,http://www.wikidata.org/entity/Q3702155,Somyot Prueksakasemsuk,Q3702155,0
human,http://www.wikidata.org/entity/Q3242826,Abdulhadi al-Khawaja,Q3242826,0
human,http://www.wikidata.org/entity/Q4707051,Alan Khazei,Q4707051,0
human,http://www.wikidata.org/entity/Q4853772,Banafsheh Zand,Q4853772,0
human,http://www.wikidata.org/entity/Q5088824,Cheam Channy,Q5088824,0
human,http://www.wikidata.org/entity/Q7492344,Sheela Murthy,Q7492344,0
human,http://www.wikidata.org/entity/Q6557825,Lisa Bloom,Q6557825,0
human,http://www.wikidata.org/entity/Q1131546,Óscar Elías Biscet,Q1131546,0
human,http://www.wikidata.org/entity/Q16011374,Maki Skosana,Q16011374,0
human,http://www.wikidata.org/entity/Q7106138,Oscar Mollohuanca,Q7106138,0
human,http://www.wikidata.org/entity/Q7121720,Pablo Pineda Gaucín,Q7121720,0
human,http://www.wikidata.org/entity/Q16203832,Juan Ecomo Ndong,Q16203832,0
human,http://www.wikidata.org/entity/Q16225658,Eric Heinze,Q16225658,0
human,http://www.wikidata.org/entity/Q1823418,Dmitri Muratov,Q1823418,0
human,http://www.wikidata.org/entity/Q55196920,Mahmoud Tawfik,Q55196920,0
human,http://www.wikidata.org/entity/Q67080456,Nina Willner,Q67080456,0
human,http://www.wikidata.org/entity/Q208468,Taslima Nasrin,Q208468,5
human,http://www.wikidata.org/entity/Q118263,Ales Bialiatski,Q118263,0
human,http://www.wikidata.org/entity/Q4139776,Elizaveta Glinka,Q4139776,0
human,http://www.wikidata.org/entity/Q542268,Wajeha al-Huwaider,Q542268,0
human,http://www.wikidata.org/entity/Q563498,Grigory Pasko,Q563498,0
human,http://www.wikidata.org/entity/Q605239,Veran Matić,Q605239,1
human,http://www.wikidata.org/entity/Q4665847,Abduljalil al-Singace,Q4665847,0
human,http://www.wikidata.org/entity/Q4717551,Alex Neve,Q4717551,1
human,http://www.wikidata.org/entity/Q4739097,Amadou Scattred Janneh,Q4739097,0
human,http://www.wikidata.org/entity/Q732181,Min Ko Naing,Q732181,0
human,http://www.wikidata.org/entity/Q782501,Norma Cruz,Q782501,0
human,http://www.wikidata.org/entity/Q4843241,Baik Tae-Ung,Q4843241,0
human,http://www.wikidata.org/entity/Q6498990,Laura Hershey,Q6498990,0
human,http://www.wikidata.org/entity/Q15060268,Ignacio Gómez,Q15060268,0
human,http://www.wikidata.org/entity/Q5368789,Emadeddin Baghi,Q5368789,0
human,http://www.wikidata.org/entity/Q10296967,Kian Tajbakhsh,Q10296967,0
human,http://www.wikidata.org/entity/Q26702578,Sherrilyn Ifill,Q26702578,0
human,http://www.wikidata.org/entity/Q16194507,Mahdi Abu Deeb,Q16194507,0
human,http://www.wikidata.org/entity/Q16194865,Jenni Williams,Q16194865,0
human,http://www.wikidata.org/entity/Q53870859,Meena Seshu,Q53870859,0
human,http://www.wikidata.org/entity/Q7351752,Roberto Javier Mora García,Q7351752,0
human,http://www.wikidata.org/entity/Q2477210,Ruth Simon,Q2477210,0
human,http://www.wikidata.org/entity/Q2614651,Mutabar Tadjibayeva,Q2614651,0
human,http://www.wikidata.org/entity/Q60542991,Peter Uvin,Q60542991,0
human,http://www.wikidata.org/entity/Q20685566,Oleg Slabynko,Q20685566,0
human,http://www.wikidata.org/entity/Q65564809,Héctor Figueroa,Q65564809,0
human,http://www.wikidata.org/entity/Q242124,Nasrin Sotoudeh,Q242124,0
human,http://www.wikidata.org/entity/Q262805,Lydia Cacho,Q262805,2
human,http://www.wikidata.org/entity/Q467595,Sonia Pierre,Q467595,0
human,http://www.wikidata.org/entity/Q3293465,Mario Joseph,Q3293465,0
human,http://www.wikidata.org/entity/Q6253345,John Prendergast,Q6253345,5
human,http://www.wikidata.org/entity/Q7614735,Steven Gan,Q7614735,0
human,http://www.wikidata.org/entity/Q4895419,Berta Soler,Q4895419,0
human,http://www.wikidata.org/entity/Q4964669,Brian McConaghy,Q4964669,0
human,http://www.wikidata.org/entity/Q6517114,Mikalai Autukhovich,Q6517114,0
human,http://www.wikidata.org/entity/Q12811826,Sezgin Tanrıkulu,Q12811826,0
human,http://www.wikidata.org/entity/Q14622257,Ben Emmerson,Q14622257,0
human,http://www.wikidata.org/entity/Q9092579,Vanda Pignato,Q9092579,0
human,http://www.wikidata.org/entity/Q7367841,Rose Mapendo,Q7367841,0
human,http://www.wikidata.org/entity/Q5525220,Gary Haugen,Q5525220,2
human,http://www.wikidata.org/entity/Q6938096,Fuad Muhammad Syafruddin,Q6938096,0
human,http://www.wikidata.org/entity/Q7121791,Pablo de Greiff,Q7121791,0
human,http://www.wikidata.org/entity/Q16195150,Catherine Kieu,Q16195150,0
human,http://www.wikidata.org/entity/Q7427046,Saud al-Hashimi,Q7427046,0
human,http://www.wikidata.org/entity/Q7436721,Scott Long,Q7436721,0
human,http://www.wikidata.org/entity/Q30084326,María de Jesús Patricio Martínez,Q30084326,0
human,http://www.wikidata.org/entity/Q7308500,Regina Martínez,Q7308500,0
human,http://www.wikidata.org/entity/Q17284954,Salwa Bughaighis,Q17284954,0
human,http://www.wikidata.org/entity/Q18224529,Samira Saleh al-Naimi,Q18224529,0
human,http://www.wikidata.org/entity/Q50307787,Vera Lúcia de Miranda Guarda,Q50307787,0
human,http://www.wikidata.org/entity/Q63882770,Joan Carling,Q63882770,0
human,http://www.wikidata.org/entity/Q20472571,Mithat Sancar,Q20472571,0
human,http://www.wikidata.org/entity/Q21002389,Richard Glossip,Q21002389,0
human,http://www.wikidata.org/entity/Q65919093,Seham Sergiwa,Q65919093,0
human,http://www.wikidata.org/entity/Q553089,David Kato,Q553089,0
human,http://www.wikidata.org/entity/Q3138557,Nabeel Rajab,Q3138557,0
human,http://www.wikidata.org/entity/Q469951,Gao Zhisheng,Q469951,0
human,http://www.wikidata.org/entity/Q521980,Erol Dora,Q521980,0
human,http://www.wikidata.org/entity/Q540708,Nils Muižnieks,Q540708,0
human,http://www.wikidata.org/entity/Q12251268,Walid Fitaihi,Q12251268,0
human,http://www.wikidata.org/entity/Q6369726,Karen I. Tse,Q6369726,1
human,http://www.wikidata.org/entity/Q4691556,Agathon Rwasa,Q4691556,0
human,http://www.wikidata.org/entity/Q4762229,Angel Moya Acosta,Q4762229,0
human,http://www.wikidata.org/entity/Q5091218,Cheng Jianping,Q5091218,0
human,http://www.wikidata.org/entity/Q4912091,Billy Abner Mayaya,Q4912091,0
human,http://www.wikidata.org/entity/Q981298,Alberto Pizango,Q981298,0
human,http://www.wikidata.org/entity/Q1255051,Ahmed Shaheed,Q1255051,0
human,http://www.wikidata.org/entity/Q7851687,Tuhama Mahmoud Ma'rouf,Q7851687,0
human,http://www.wikidata.org/entity/Q5681752,Hatoon al-Fassi,Q5681752,0
human,http://www.wikidata.org/entity/Q6776992,Martin van Hees,Q6776992,0
human,http://www.wikidata.org/entity/Q27979008,Veeru Kohli,Q27979008,0
human,http://www.wikidata.org/entity/Q5644589,Hamid Ghassemi-Shall,Q5644589,0
human,http://www.wikidata.org/entity/Q16015205,José Luis Ortega Mata,Q16015205,0
human,http://www.wikidata.org/entity/Q7244308,Prince Zeid bin Ra'ad,Q7244308,0
human,http://www.wikidata.org/entity/Q16195523,Gamal Eid,Q16195523,0
human,http://www.wikidata.org/entity/Q7376600,Ruchira Gupta,Q7376600,0
human,http://www.wikidata.org/entity/Q30903938,Mariana Mota,Q30903938,0
human,http://www.wikidata.org/entity/Q17371080,Chito Gascón,Q17371080,0
human,http://www.wikidata.org/entity/Q2039206,Digna Ochoa,Q2039206,0
human,http://www.wikidata.org/entity/Q7352920,Robina Qureshi,Q7352920,0
human,http://www.wikidata.org/entity/Q21997810,Sergei Dolgov,Q21997810,0
human,http://www.wikidata.org/entity/Q272670,David Miliband,Q272670,0
human,http://www.wikidata.org/entity/Q78644,Waris Dirie,Q78644,4
human,http://www.wikidata.org/entity/Q317395,Abdul Rahman,Q317395,0
human,http://www.wikidata.org/entity/Q286658,Ramdev,Q286658,0
human,http://www.wikidata.org/entity/Q513627,Libia Grueso,Q513627,0
human,http://www.wikidata.org/entity/Q4695486,Ahmad Taufik,Q4695486,0
human,http://www.wikidata.org/entity/Q5116413,Chuni Kotal,Q5116413,0
human,http://www.wikidata.org/entity/Q4955457,Brahim Dahane,Q4955457,0
human,http://www.wikidata.org/entity/Q14448372,Biram Dah Abeid,Q14448372,0
human,http://www.wikidata.org/entity/Q1363729,Kumi Naidoo,Q1363729,0
human,http://www.wikidata.org/entity/Q6891936,Mohammad Fahad al-Qahtani,Q6891936,0
human,http://www.wikidata.org/entity/Q5529333,Gbenga Toyosi Olawepo,Q5529333,0
human,http://www.wikidata.org/entity/Q1588504,Kate Pickett,Q1588504,10
human,http://www.wikidata.org/entity/Q7107090,Osman Mohamud,Q7107090,0
human,http://www.wikidata.org/entity/Q7422923,Sarah Wykes,Q7422923,0
human,http://www.wikidata.org/entity/Q30131878,Julie Dorf,Q30131878,0
human,http://www.wikidata.org/entity/Q38668442,Sockalingam Yogalingam,Q38668442,0
human,http://www.wikidata.org/entity/Q18368428,Yehuda Glick,Q18368428,0
human,http://www.wikidata.org/entity/Q47545535,Zarema Gaisanova,Q47545535,0
human,http://www.wikidata.org/entity/Q58914907,Uma Devi Badi,Q58914907,0
human,http://www.wikidata.org/entity/Q6126808,Jalila al-Salman,Q6126808,0
human,http://www.wikidata.org/entity/Q2457297,Q2457297,Q2457297,0
human,http://www.wikidata.org/entity/Q23772336,Tom Malinowski,Q23772336,1
human,http://www.wikidata.org/entity/Q146238,Stephen Bradberry,Q146238,0
human,http://www.wikidata.org/entity/Q464924,Maryam Namazie,Q464924,0
human,http://www.wikidata.org/entity/Q4284421,Yelena Masyuk,Q4284421,0
human,http://www.wikidata.org/entity/Q115979,Aminatou Haidar,Q115979,0
human,http://www.wikidata.org/entity/Q519709,Jennifer Zeng,Q519709,0
human,http://www.wikidata.org/entity/Q3470837,Samir Dilou,Q3470837,0
human,http://www.wikidata.org/entity/Q4695506,Ahmad Zeidabadi,Q4695506,0
human,http://www.wikidata.org/entity/Q10829307,Trần Huỳnh Duy Thức,Q10829307,0
human,http://www.wikidata.org/entity/Q5289525,Dolores Guadalupe García Escamilla,Q5289525,0
human,http://www.wikidata.org/entity/Q6689642,Loune Viaud,Q6689642,0
human,http://www.wikidata.org/entity/Q6692306,Lovemore Madhuku,Q6692306,0
human,http://www.wikidata.org/entity/Q5619579,Guo Feixiong,Q5619579,0
human,http://www.wikidata.org/entity/Q7398231,Saeed Laylaz,Q7398231,0
human,http://www.wikidata.org/entity/Q1747634,Désiré Munyaneza,Q1747634,0
human,http://www.wikidata.org/entity/Q56641729,Christine Blasey Ford,Q56641729,0
human,http://www.wikidata.org/entity/Q21580710,Tahir Elçi,Q21580710,0
human,http://www.wikidata.org/entity/Q63138248,Nomarussia Bonase,Q63138248,0
human,http://www.wikidata.org/entity/Q63285264,Rocío San Miguel,Q63285264,0
human,http://www.wikidata.org/entity/Q22005661,John Henry González Duque,Q22005661,0
human,http://www.wikidata.org/entity/Q238524,Sakineh Mohammadi Ashtiani,Q238524,0
human,http://www.wikidata.org/entity/Q241782,Orlando Zapata,Q241782,0
human,http://www.wikidata.org/entity/Q2622862,Parvin Ardalan,Q2622862,0
human,http://www.wikidata.org/entity/Q542997,Wei Wenhua,Q542997,0
human,http://www.wikidata.org/entity/Q4842638,Bahman Ahmadi Amouee,Q4842638,0
human,http://www.wikidata.org/entity/Q4868058,Bassem al-Tamimi,Q4868058,0
human,http://www.wikidata.org/entity/Q958537,Jean-Christophe Parisot,Q958537,0
human,http://www.wikidata.org/entity/Q9089930,Zhou Fengsuo,Q9089930,0
human,http://www.wikidata.org/entity/Q6188361,Jesús Abad Colorado,Q6188361,0
human,http://www.wikidata.org/entity/Q1757515,Harry Nicolaides,Q1757515,0
human,http://www.wikidata.org/entity/Q2448645,Sami Ben Gharbia,Q2448645,0
human,http://www.wikidata.org/entity/Q22279017,Mamatha Raghuveer Achanta,Q22279017,0
human,http://www.wikidata.org/entity/Q446905,Hauwa Ibrahim,Q446905,0
human,http://www.wikidata.org/entity/Q2821766,Aboubakr Jamaï,Q2821766,0
human,http://www.wikidata.org/entity/Q3058057,Eskinder Nega,Q3058057,0
human,http://www.wikidata.org/entity/Q6401682,Khin Ohmar,Q6401682,0
human,http://www.wikidata.org/entity/Q4681605,Adela Navarro Bello,Q4681605,0
human,http://www.wikidata.org/entity/Q7672776,Ta Phong Tan,Q7672776,0
human,http://www.wikidata.org/entity/Q15830710,Park Sang-hak,Q15830710,0
human,http://www.wikidata.org/entity/Q7099414,Oralgaisha Omarshanova,Q7099414,0
human,http://www.wikidata.org/entity/Q16239550,Bob Fu,Q16239550,0
human,http://www.wikidata.org/entity/Q28528132,Azza Soliman,Q28528132,0
human,http://www.wikidata.org/entity/Q5924490,Htay Kywe,Q5924490,0
human,http://www.wikidata.org/entity/Q1866075,Liu Xianbin,Q1866075,0
human,http://www.wikidata.org/entity/Q2204748,Olivier De Schutter,Q2204748,4
human,http://www.wikidata.org/entity/Q6886533,Moazzam Begg,Q6886533,1
human,http://www.wikidata.org/entity/Q6127529,Jamal Amer,Q6127529,0
human,http://www.wikidata.org/entity/Q21890424,Mordechai Kahana,Q21890424,0
human,http://www.wikidata.org/entity/Q60693729,Alexei Sidorov,Q60693729,0
human,http://www.wikidata.org/entity/Q23418840,Zarema Bagavutdinova,Q23418840,0
human,http://www.wikidata.org/entity/Q66365420,Deon Haywood,Q66365420,0
human,http://www.wikidata.org/entity/Q66606317,Elżbieta Podleśna,Q66606317,0
human,http://www.wikidata.org/entity/Q214475,Ayaan Hirsi Ali,Q214475,13
human,http://www.wikidata.org/entity/Q469808,Malahat Nasibova,Q469808,0
human,http://www.wikidata.org/entity/Q4096707,Alexander Brod,Q4096707,0
human,http://www.wikidata.org/entity/Q4120363,Widad Akrawi,Q4120363,0
human,http://www.wikidata.org/entity/Q6349093,Kaka Bag-ao,Q6349093,0
human,http://www.wikidata.org/entity/Q6399399,Khaled al-Johani,Q6399399,0
human,http://www.wikidata.org/entity/Q4716655,Alex Bailin,Q4716655,0
human,http://www.wikidata.org/entity/Q828621,Bertrand Teyou,Q828621,2
human,http://www.wikidata.org/entity/Q7487533,Shami Chakrabarti,Q7487533,1
human,http://www.wikidata.org/entity/Q1166752,Darsi Ferrer Ramírez,Q1166752,0
human,http://www.wikidata.org/entity/Q12214935,Zainab Salbi,Q12214935,2
human,http://www.wikidata.org/entity/Q16019546,René Orta Salgado,Q16019546,0
human,http://www.wikidata.org/entity/Q7089674,Omar Deghayes,Q7089674,0
human,http://www.wikidata.org/entity/Q7180367,Pham Hong Son,Q7180367,0
human,http://www.wikidata.org/entity/Q7180410,Phan Thanh Hai,Q7180410,0
human,http://www.wikidata.org/entity/Q16200903,Normando Hernández González,Q16200903,0
human,http://www.wikidata.org/entity/Q7408709,Samantha Nutt,Q7408709,0
human,http://www.wikidata.org/entity/Q1894882,Ilham Tohti,Q1894882,0
human,http://www.wikidata.org/entity/Q43948000,Marfa Inofuentes Pérez,Q43948000,0
human,http://www.wikidata.org/entity/Q19646335,Silverio Pinto Baptista,Q19646335,0
human,http://www.wikidata.org/entity/Q64010308,Bayarjargal Agvaantseren,Q64010308,0
human,http://www.wikidata.org/entity/Q402020,Ahmet Şık,Q402020,2
human,http://www.wikidata.org/entity/Q2894558,Susan Abulhawa,Q2894558,6
human,http://www.wikidata.org/entity/Q3109563,Rachid Niny,Q3109563,0
human,http://www.wikidata.org/entity/Q4937441,Jila Baniyaghoob,Q4937441,0
human,http://www.wikidata.org/entity/Q6522571,Lenin Raghuvanshi,Q6522571,0
human,http://www.wikidata.org/entity/Q6538583,Svetlana Kalinkina,Q6538583,0
human,http://www.wikidata.org/entity/Q6700878,Luis Milán Fernández,Q6700878,0
human,http://www.wikidata.org/entity/Q6843514,Mie Mie,Q6843514,0
human,http://www.wikidata.org/entity/Q8042528,XVALA,Q8042528,0
human,http://www.wikidata.org/entity/Q5642015,José Daniel Ferrer García,Q5642015,0
human,http://www.wikidata.org/entity/Q5762972,Hillel Neuer,Q5762972,0
human,http://www.wikidata.org/entity/Q1824277,Liesbeth Zegveld,Q1824277,0
human,http://www.wikidata.org/entity/Q41777107,Helena Maleno,Q41777107,2
human,http://www.wikidata.org/entity/Q7285942,Rajeev John George,Q7285942,0
human,http://www.wikidata.org/entity/Q2041688,Mohamedou Ould Slahi,Q2041688,2
human,http://www.wikidata.org/entity/Q97226171,Ogtay Gulaliyev,Q97226171,0
human,http://www.wikidata.org/entity/Q64541378,Thelma Cabrera,Q64541378,0
human,http://www.wikidata.org/entity/Q311205,Chen Guangcheng,Q311205,0
human,http://www.wikidata.org/entity/Q4694620,Agustin Aguayo,Q4694620,0
human,http://www.wikidata.org/entity/Q4978026,Theary Seng,Q4978026,0
human,http://www.wikidata.org/entity/Q1029480,Rafael Marques de Morais,Q1029480,2
human,http://www.wikidata.org/entity/Q6513131,Lee Bradley Brown,Q6513131,0
human,http://www.wikidata.org/entity/Q13065177,Su Su Nway,Q13065177,0
human,http://www.wikidata.org/entity/Q7676903,Tajul Muluk,Q7676903,0
human,http://www.wikidata.org/entity/Q6191583,Jiang Tianyong,Q6191583,0
human,http://www.wikidata.org/entity/Q5958879,Mohammad Mostafaei,Q5958879,0
human,http://www.wikidata.org/entity/Q54166065,Omoyele Sowore,Q54166065,0
human,http://www.wikidata.org/entity/Q2066848,Pavel Sheremet,Q2066848,2
human,http://www.wikidata.org/entity/Q6127892,Jameel Jaffer,Q6127892,0
human,http://www.wikidata.org/entity/Q6162803,Jason Jones,Q6162803,8
human,http://www.wikidata.org/entity/Q21498061,Ben Wizner,Q21498061,2
human,http://www.wikidata.org/entity/Q108540460,André Baniwa,Q108540460,1
human,http://www.wikidata.org/entity/Q247917,Sergei Magnitsky,Q247917,0
human,http://www.wikidata.org/entity/Q464910,Mukhtaran Bibi,Q464910,0
human,http://www.wikidata.org/entity/Q467322,Irom Chanu Sharmila,Q467322,0
human,http://www.wikidata.org/entity/Q3380720,Mohammad-Reza Ali-Zamani,Q3380720,0
human,http://www.wikidata.org/entity/Q4967771,Narges Mohammadi,Q4967771,1
human,http://www.wikidata.org/entity/Q5217647,Daniel J. Solove,Q5217647,1
human,http://www.wikidata.org/entity/Q6548538,Lily Mazahery,Q6548538,0
human,http://www.wikidata.org/entity/Q11099071,Du Bin,Q11099071,0
human,http://www.wikidata.org/entity/Q6778253,Marvi Sirmed,Q6778253,0
human,http://www.wikidata.org/entity/Q27899009,Victoria Kalima,Q27899009,0
human,http://www.wikidata.org/entity/Q7036896,Nilar Thein,Q7036896,0
human,http://www.wikidata.org/entity/Q1688951,Jigme Gyatso,Q1688951,0
human,http://www.wikidata.org/entity/Q18352293,Andualem Aragie,Q18352293,0
human,http://www.wikidata.org/entity/Q19369165,Sergey Nikolaev,Q19369165,0
human,http://www.wikidata.org/entity/Q56753433,Souad Al Ali,Q56753433,0
human,http://www.wikidata.org/entity/Q23855366,Jiang Jielian,Q23855366,0
human,http://www.wikidata.org/entity/Q3291,Leonid Razvozzhayev,Q3291,0
human,http://www.wikidata.org/entity/Q4746485,Aminul Islam,Q4746485,0
human,http://www.wikidata.org/entity/Q515432,Andrzej Poczobut,Q515432,0
human,http://www.wikidata.org/entity/Q922687,Teng Biao,Q922687,0
human,http://www.wikidata.org/entity/Q8026675,Wipas Raksakulthai,Q8026675,0
human,http://www.wikidata.org/entity/Q16209880,Natasha Falle,Q16209880,0
human,http://www.wikidata.org/entity/Q16214518,Monique Mehta,Q16214518,0
human,http://www.wikidata.org/entity/Q1855794,Yu Jie,Q1855794,1
human,http://www.wikidata.org/entity/Q28811859,Marie-Ange Mushobekwa,Q28811859,0
human,http://www.wikidata.org/entity/Q5953153,Sayed Ziaoddin Nabavi,Q5953153,0
human,http://www.wikidata.org/entity/Q5958904,Reza Shahabi,Q5958904,0
human,http://www.wikidata.org/entity/Q2192724,Tipu Sultan,Q2192724,0
human,http://www.wikidata.org/entity/Q20195331,Ganna Yudkivska,Q20195331,0
human,http://www.wikidata.org/entity/Q20895591,Volodymyr Zhovtyak,Q20895591,0
human,http://www.wikidata.org/entity/Q24837835,Wu Gan,Q24837835,0
human,http://www.wikidata.org/entity/Q376231,Stanislav Markelov,Q376231,1
human,http://www.wikidata.org/entity/Q4941162,Galima Bukharbaeva,Q4941162,0
human,http://www.wikidata.org/entity/Q6485256,Shadi Sadr,Q6485256,0
human,http://www.wikidata.org/entity/Q7822710,Tony Kgoroge,Q7822710,7
human,http://www.wikidata.org/entity/Q6798436,Mazen Darwish,Q6798436,0
human,http://www.wikidata.org/entity/Q5642308,Halil Savda,Q5642308,0
human,http://www.wikidata.org/entity/Q6202179,Jineth Bedoya Lima,Q6202179,0
human,http://www.wikidata.org/entity/Q28665635,Mary Wagner,Q28665635,0
human,http://www.wikidata.org/entity/Q29390046,Stella Nyanzi,Q29390046,0
human,http://www.wikidata.org/entity/Q18021082,Isabel da Costa Ferreira,Q18021082,0
human,http://www.wikidata.org/entity/Q5954067,Mohammad Davari,Q5954067,0
human,http://www.wikidata.org/entity/Q1568145,Hafsat Abiola,Q1568145,0
human,http://www.wikidata.org/entity/Q1706411,Dhondup Wangchen,Q1706411,1
human,http://www.wikidata.org/entity/Q62070707,Nassima al-Sadah,Q62070707,0
human,http://www.wikidata.org/entity/Q22279938,Ben Rawlence,Q22279938,1
human,http://www.wikidata.org/entity/Q4292177,Camilo Mejía,Q4292177,0
human,http://www.wikidata.org/entity/Q4068995,Elvira Arellano,Q4068995,0
human,http://www.wikidata.org/entity/Q618671,Mohammed al-Ajami,Q618671,0
human,http://www.wikidata.org/entity/Q3461219,Saeed Malekpour,Q3461219,0
human,http://www.wikidata.org/entity/Q7561677,Soni Sori,Q7561677,0
human,http://www.wikidata.org/entity/Q1362305,Hossein Derakhshan,Q1362305,0
human,http://www.wikidata.org/entity/Q1390288,Farzad Kamangar,Q1390288,0
human,http://www.wikidata.org/entity/Q15993017,Jaime Guadalupe González Domínguez,Q15993017,0
human,http://www.wikidata.org/entity/Q16215184,Shenna Bellows,Q16215184,0
human,http://www.wikidata.org/entity/Q41768539,Agnes Atim Apea,Q41768539,0
human,http://www.wikidata.org/entity/Q19830022,Sabeen Mehmud,Q19830022,0
human,http://www.wikidata.org/entity/Q2093278,Birtukan Mideksa,Q2093278,0
human,http://www.wikidata.org/entity/Q22342547,Darya Safai,Q22342547,0
human,http://www.wikidata.org/entity/Q108772867,Tiwagorn Withiton,Q108772867,0
human,http://www.wikidata.org/entity/Q109612256,Tomasz Tuczapski,Q109612256,0
human,http://www.wikidata.org/entity/Q155979,Alexei Navalny,Q155979,15
human,http://www.wikidata.org/entity/Q466322,Thor Halvorssen Mendoza,Q466322,0
human,http://www.wikidata.org/entity/Q2995758,Pavał Sieviaryniec,Q2995758,1
human,http://www.wikidata.org/entity/Q14957123,Bukola Oriola,Q14957123,1
human,http://www.wikidata.org/entity/Q7933586,Virak Ou,Q7933586,0
human,http://www.wikidata.org/entity/Q15906397,Wang Quanzhang,Q15906397,0
human,http://www.wikidata.org/entity/Q1971390,Igor Vinyavsky,Q1971390,0
human,http://www.wikidata.org/entity/Q7421577,Sara Bronfman,Q7421577,0
human,http://www.wikidata.org/entity/Q33037293,Razia Al-Mutawakil,Q33037293,0
human,http://www.wikidata.org/entity/Q37788283,Alek Dzhabrailov,Q37788283,0
human,http://www.wikidata.org/entity/Q5989545,Idrak Abbasov,Q5989545,0
human,http://www.wikidata.org/entity/Q25457407,Anis Hidayah,Q25457407,0
human,http://www.wikidata.org/entity/Q389117,Ahmad Batebi,Q389117,0
human,http://www.wikidata.org/entity/Q24895,Sattar Beheshti,Q24895,0
human,http://www.wikidata.org/entity/Q2741760,Deeyah Khan,Q2741760,4
human,http://www.wikidata.org/entity/Q713923,Sergei Udaltsov,Q713923,1
human,http://www.wikidata.org/entity/Q4353862,Jyri Jaakkola,Q4353862,0
human,http://www.wikidata.org/entity/Q4695703,Ahmed Abdul Khaleq,Q4695703,0
human,http://www.wikidata.org/entity/Q7496013,Shibal Ibrahim,Q7496013,0
human,http://www.wikidata.org/entity/Q5234614,David Haigh,Q5234614,0
human,http://www.wikidata.org/entity/Q6721039,Maajid Nawaz,Q6721039,6
human,http://www.wikidata.org/entity/Q6969817,Nathaniel Raymond,Q6969817,0
human,http://www.wikidata.org/entity/Q7070159,Nurmemet Yasin,Q7070159,0
human,http://www.wikidata.org/entity/Q16211377,Bridget Perrier,Q16211377,0
human,http://www.wikidata.org/entity/Q30106075,Carmen Perez,Q30106075,0
human,http://www.wikidata.org/entity/Q52513035,Fauziya Kassindja,Q52513035,0
human,http://www.wikidata.org/entity/Q2027161,Baha Mousa,Q2027161,0
human,http://www.wikidata.org/entity/Q55754292,Carrie Goldberg,Q55754292,0
human,http://www.wikidata.org/entity/Q4685794,Adrián Silva Moreno,Q4685794,0
human,http://www.wikidata.org/entity/Q4881000,Behrouz Javid-Tehrani,Q4881000,0
human,http://www.wikidata.org/entity/Q1280085,Ebrima Manneh,Q1280085,0
human,http://www.wikidata.org/entity/Q3479824,Serkalem Fasil,Q3479824,0
human,http://www.wikidata.org/entity/Q27057565,Hossam Bahgat,Q27057565,0
human,http://www.wikidata.org/entity/Q16217418,Lilian Tintori,Q16217418,0
human,http://www.wikidata.org/entity/Q16217533,Ali Mahmoud Othman,Q16217533,0
human,http://www.wikidata.org/entity/Q16217660,Tímea Nagy,Q16217660,0
human,http://www.wikidata.org/entity/Q29515786,Saadet Özkan,Q29515786,0
human,http://www.wikidata.org/entity/Q51120734,Phạm Đoan Trang,Q51120734,0
human,http://www.wikidata.org/entity/Q63379083,Ketty Nivyabandi,Q63379083,0
human,http://www.wikidata.org/entity/Q65807984,Yelena Grigoryeva,Q65807984,0
human,http://www.wikidata.org/entity/Q25163,Roberto Saviano,Q25163,14
human,http://www.wikidata.org/entity/Q104622,Tawakkol Karman,Q104622,1
human,http://www.wikidata.org/entity/Q205360,Muntadhar al-Zaidi,Q205360,0
human,http://www.wikidata.org/entity/Q445754,Manal al-Sharif,Q445754,1
human,http://www.wikidata.org/entity/Q3088008,Sarah Balabagan,Q3088008,0
human,http://www.wikidata.org/entity/Q519453,Frank Mugisha,Q519453,0
human,http://www.wikidata.org/entity/Q12251245,Waleed Abulkhair,Q12251245,0
human,http://www.wikidata.org/entity/Q4507995,Engin Çeber,Q4507995,0
human,http://www.wikidata.org/entity/Q4766964,Anna Dolidze,Q4766964,0
human,http://www.wikidata.org/entity/Q965563,Buchtar Tabuni,Q965563,0
human,http://www.wikidata.org/entity/Q6520693,Natalya Radina,Q6520693,0
human,http://www.wikidata.org/entity/Q7876205,Nyi Nyi Lwin,Q7876205,1
human,http://www.wikidata.org/entity/Q9011360,Jean-Claude Roger Mbede,Q9011360,0
human,http://www.wikidata.org/entity/Q8067570,Zaynab Khadr,Q8067570,0
human,http://www.wikidata.org/entity/Q8061828,Yusak Pakage,Q8061828,0
human,http://www.wikidata.org/entity/Q27225160,Mother Mushroom,Q27225160,0
human,http://www.wikidata.org/entity/Q6957859,Nadira Isayeva,Q6957859,0
human,http://www.wikidata.org/entity/Q38494783,Jonty Bush,Q38494783,0
human,http://www.wikidata.org/entity/Q64755182,Scott Lloyd,Q64755182,0
human,http://www.wikidata.org/entity/Q2429045,Victoria Donda,Q2429045,2
human,http://www.wikidata.org/entity/Q20751396,Khaled al-Qazzaz,Q20751396,0
human,http://www.wikidata.org/entity/Q460865,Kasha Nabagesera,Q460865,0
human,http://www.wikidata.org/entity/Q704867,Arsham Parsi,Q704867,0
human,http://www.wikidata.org/entity/Q7495065,Sherko Moarefi,Q7495065,0
human,http://www.wikidata.org/entity/Q1074614,Ishmael Beah,Q1074614,2
human,http://www.wikidata.org/entity/Q8074705,Zoya Phan,Q8074705,0
human,http://www.wikidata.org/entity/Q12239626,Mohammed Saleh al-Bejadi,Q12239626,0
human,http://www.wikidata.org/entity/Q16149573,Reeyot Alemu,Q16149573,0
human,http://www.wikidata.org/entity/Q30123142,Vithika Yadav,Q30123142,0
human,http://www.wikidata.org/entity/Q19832456,Reshma Valliappan,Q19832456,0
human,http://www.wikidata.org/entity/Q2573940,Viacheslav Datsik,Q2573940,0
human,http://www.wikidata.org/entity/Q2582371,Wilmar Villar Mendoza,Q2582371,0
human,http://www.wikidata.org/entity/Q23664426,Humira Saqib,Q23664426,0
human,http://www.wikidata.org/entity/Q2944547,Alexander Aan,Q2944547,0
human,http://www.wikidata.org/entity/Q2634614,Zmitser Dashkevich,Q2634614,1
human,http://www.wikidata.org/entity/Q2641416,Ashawn Dabney-Small,Q2641416,0
human,http://www.wikidata.org/entity/Q4751599,Anar Bayramli,Q4751599,0
human,http://www.wikidata.org/entity/Q5086402,Charm Tong,Q5086402,0
human,http://www.wikidata.org/entity/Q970044,Samar Badawi,Q970044,0
human,http://www.wikidata.org/entity/Q983123,Ehsan Fatahian,Q983123,0
human,http://www.wikidata.org/entity/Q8067290,Zaw Htet Ko Ko,Q8067290,0
human,http://www.wikidata.org/entity/Q8067544,Phyo Zeya Thaw,Q8067544,0
human,http://www.wikidata.org/entity/Q27733826,Nguyễn Văn Oai,Q27733826,0
human,http://www.wikidata.org/entity/Q16148118,Grace Akallo,Q16148118,0
human,http://www.wikidata.org/entity/Q6943258,Mustafa Haji Abdinur,Q6943258,0
human,http://www.wikidata.org/entity/Q1599707,Ruhal Ahmed,Q1599707,0
human,http://www.wikidata.org/entity/Q16201738,Tasneem Khalil,Q16201738,0
human,http://www.wikidata.org/entity/Q28501573,Francia Márquez,Q28501573,1
human,http://www.wikidata.org/entity/Q33100384,Akhlas Akhlaq,Q33100384,0
human,http://www.wikidata.org/entity/Q52274638,Hassan Al Kontar,Q52274638,0
human,http://www.wikidata.org/entity/Q54861426,Anna Mokrousova,Q54861426,0
human,http://www.wikidata.org/entity/Q2065829,Tsimafei Dranchuk,Q2065829,0
human,http://www.wikidata.org/entity/Q61707724,Caroline Mwatha,Q61707724,0
human,http://www.wikidata.org/entity/Q63951937,Ana Colovic Lesoska,Q63951937,0
human,http://www.wikidata.org/entity/Q64075,Shin Dong-hyuk,Q64075,0
human,http://www.wikidata.org/entity/Q6409973,Kimberly Rivera,Q6409973,0
human,http://www.wikidata.org/entity/Q4849417,Bakhtiyar Hajiyev,Q4849417,0
human,http://www.wikidata.org/entity/Q12982135,Isaipriya,Q12982135,0
human,http://www.wikidata.org/entity/Q8069923,Zeynab Jalaliyan,Q8069923,0
human,http://www.wikidata.org/entity/Q6969182,Nathan Kleinman,Q6969182,0
human,http://www.wikidata.org/entity/Q29452528,Behrouz Boochani,Q29452528,1
human,http://www.wikidata.org/entity/Q30106056,Bob Bland,Q30106056,0
human,http://www.wikidata.org/entity/Q31213305,Ibram X. Kendi,Q31213305,5
human,http://www.wikidata.org/entity/Q50379223,Shackelia Jackson,Q50379223,0
human,http://www.wikidata.org/entity/Q60649737,Emily Gorcenski,Q60649737,0
human,http://www.wikidata.org/entity/Q62555465,Liz Chicaje,Q62555465,0
human,http://www.wikidata.org/entity/Q549328,Hedvig Malina,Q549328,0
human,http://www.wikidata.org/entity/Q3950288,Sara Ziff,Q3950288,1
human,http://www.wikidata.org/entity/Q5247516,Ramin Pourandarjani,Q5247516,0
human,http://www.wikidata.org/entity/Q13424289,Edward Snowden,Q13424289,9
human,http://www.wikidata.org/entity/Q8064841,Zainab al-Khawaja,Q8064841,0
human,http://www.wikidata.org/entity/Q8055828,Yorm Bopha,Q8055828,0
human,http://www.wikidata.org/entity/Q27581939,Hadeel Ibrahim,Q27581939,0
human,http://www.wikidata.org/entity/Q16199500,Naser al-Raas,Q16199500,0
human,http://www.wikidata.org/entity/Q28528646,Darius Kazemi,Q28528646,6
human,http://www.wikidata.org/entity/Q46483209,Mai Khôi,Q46483209,0
human,http://www.wikidata.org/entity/Q56356036,Elham Malekpoor Arashlu,Q56356036,0
human,http://www.wikidata.org/entity/Q59161685,María Teresa Rivera,Q59161685,0
human,http://www.wikidata.org/entity/Q59522685,Rosa Freedman,Q59522685,0
human,http://www.wikidata.org/entity/Q63384656,Samra Zafar,Q63384656,1
human,http://www.wikidata.org/entity/Q20961911,Cheick Mohamed Mkhaitir,Q20961911,0
human,http://www.wikidata.org/entity/Q23772056,Tef Poe,Q23772056,0
human,http://www.wikidata.org/entity/Q101110680,Richar Nelson Sierra Alquerque,Q101110680,0
human,http://www.wikidata.org/entity/Q3048307,Sayed Pervez Kambaksh,Q3048307,0
human,http://www.wikidata.org/entity/Q3051622,Elnur Majidli,Q3051622,0
human,http://www.wikidata.org/entity/Q3193040,Kareem Amer,Q3193040,0
human,http://www.wikidata.org/entity/Q6402971,Khun Bedu,Q6402971,0
human,http://www.wikidata.org/entity/Q5235979,David Keyes,Q5235979,0
human,http://www.wikidata.org/entity/Q12212836,Raif Badawi,Q12212836,0
human,http://www.wikidata.org/entity/Q26924387,Brittany Packnett,Q26924387,0
human,http://www.wikidata.org/entity/Q6894442,Mohsen Rouholamini,Q6894442,0
human,http://www.wikidata.org/entity/Q18421912,Rahima Begum,Q18421912,0
human,http://www.wikidata.org/entity/Q58038651,Tuti Tursilawati,Q58038651,0
human,http://www.wikidata.org/entity/Q19885291,Ayọ Tometi,Q19885291,0
human,http://www.wikidata.org/entity/Q63494186,Anastasia Melnichenko,Q63494186,0
human,http://www.wikidata.org/entity/Q108473466,Fred Kajjubi Lumbuye,Q108473466,0
human,http://www.wikidata.org/entity/Q2753913,Hossein Ronaghi,Q2753913,0
human,http://www.wikidata.org/entity/Q3445701,Elkouria Amidane,Q3445701,0
human,http://www.wikidata.org/entity/Q4709514,Alber Saber,Q4709514,0
human,http://www.wikidata.org/entity/Q7684693,Tapiwa Zivira,Q7684693,0
human,http://www.wikidata.org/entity/Q7911400,Valeriu Boboc,Q7911400,0
human,http://www.wikidata.org/entity/Q27980923,Nay El Rahi,Q27980923,0
human,http://www.wikidata.org/entity/Q29430512,Fadia Najib Thabet,Q29430512,0
human,http://www.wikidata.org/entity/Q18631743,Yara Sallam,Q18631743,0
human,http://www.wikidata.org/entity/Q58812910,Ernst Roets,Q58812910,0
human,http://www.wikidata.org/entity/Q59304526,Sammy Woodhouse,Q59304526,0
human,http://www.wikidata.org/entity/Q55426871,Megan Price,Q55426871,0
human,http://www.wikidata.org/entity/Q7364604,Ronak Safazadeh,Q7364604,0
human,http://www.wikidata.org/entity/Q66812765,Chen Qiushi,Q66812765,0
human,http://www.wikidata.org/entity/Q55237966,Iason Dousis,Q55237966,0
human,http://www.wikidata.org/entity/Q61885794,Rana Ahmad,Q61885794,1
human,http://www.wikidata.org/entity/Q23670058,Ensaf Haidar,Q23670058,0
human,http://www.wikidata.org/entity/Q24049119,Trupti Desai,Q24049119,0
human,http://www.wikidata.org/entity/Q302466,Omar Khadr,Q302466,1
human,http://www.wikidata.org/entity/Q4117209,Mona Seif,Q4117209,0
human,http://www.wikidata.org/entity/Q6434510,Kouhyar Goudarzi,Q6434510,0
human,http://www.wikidata.org/entity/Q959896,Majid Tavakoli,Q959896,1
human,http://www.wikidata.org/entity/Q27992075,Sirikan Charoensiri,Q27992075,0
human,http://www.wikidata.org/entity/Q28154977,Pidgeon Pagonis,Q28154977,0
human,http://www.wikidata.org/entity/Q5643947,Hamad al-Naqi,Q5643947,0
human,http://www.wikidata.org/entity/Q46350951,Dany Pen,Q46350951,0
human,http://www.wikidata.org/entity/Q51912732,Nahla Mahmoud,Q51912732,0
human,http://www.wikidata.org/entity/Q54326255,Amy Varle,Q54326255,0
human,http://www.wikidata.org/entity/Q60194411,Wa Lone,Q60194411,0
human,http://www.wikidata.org/entity/Q23772160,Martha Spurrier,Q23772160,0
human,http://www.wikidata.org/entity/Q464124,Atefah Sahaaleh,Q464124,0
human,http://www.wikidata.org/entity/Q4725283,Ali al-Ghanmi,Q4725283,0
human,http://www.wikidata.org/entity/Q6535108,Maryam al-Khawaja,Q6535108,0
human,http://www.wikidata.org/entity/Q27974885,Timur Kuashev,Q27974885,0
human,http://www.wikidata.org/entity/Q7067312,Noxolo Nogwaza,Q7067312,0
human,http://www.wikidata.org/entity/Q7365461,Ronan Farrow,Q7365461,3
human,http://www.wikidata.org/entity/Q2855185,Rizana Nafeek,Q2855185,0
human,http://www.wikidata.org/entity/Q13427172,Tara Teng,Q13427172,0
human,http://www.wikidata.org/entity/Q5340433,Eduard Lobau,Q5340433,0
human,http://www.wikidata.org/entity/Q16191493,Sheila White,Q16191493,0
human,http://www.wikidata.org/entity/Q6760992,Maria Alyokhina,Q6760992,2
human,http://www.wikidata.org/entity/Q20090179,Phyo Phyo Aung,Q20090179,0
human,http://www.wikidata.org/entity/Q22703640,Giulio Regeni,Q22703640,0
human,http://www.wikidata.org/entity/Q372526,Gedhun Choekyi Nyima,Q372526,0
human,http://www.wikidata.org/entity/Q7959881,Wai Hnin Pwint Thon,Q7959881,0
human,http://www.wikidata.org/entity/Q19892863,Johnetta Elzie,Q19892863,0
human,http://www.wikidata.org/entity/Q16233003,Ti-Anna Wang,Q16233003,0
human,http://www.wikidata.org/entity/Q19609535,Loujain al-Hathloul,Q19609535,0
human,http://www.wikidata.org/entity/Q50418275,Aliyah Saleem,Q50418275,0
human,http://www.wikidata.org/entity/Q56369995,Israa al-Ghomgham,Q56369995,0
human,http://www.wikidata.org/entity/Q17011236,Sarah McBride,Q17011236,2
human,http://www.wikidata.org/entity/Q16234058,Camille Munro,Q16234058,0
human,http://www.wikidata.org/entity/Q50380186,Amal Azzudin,Q50380186,0
human,http://www.wikidata.org/entity/Q53871377,Jaz O'Hara,Q53871377,0
human,http://www.wikidata.org/entity/Q61766863,Kyaw Soe Oo,Q61766863,0
human,http://www.wikidata.org/entity/Q20643171,Anastasia Lin,Q20643171,0
human,http://www.wikidata.org/entity/Q20810513,Kat Blaque,Q20810513,0
human,http://www.wikidata.org/entity/Q3514407,Tal al-Mallohi,Q3514407,0
human,http://www.wikidata.org/entity/Q47486925,Naqeebullah Mehsud,Q47486925,0
human,http://www.wikidata.org/entity/Q18202444,Siavosh Derakhti,Q18202444,0
human,http://www.wikidata.org/entity/Q6110039,Jabbar Savalan,Q6110039,0
human,http://www.wikidata.org/entity/Q22003410,Blake Bolden,Q22003410,0
human,http://www.wikidata.org/entity/Q22278534,Dastan Kasmamytov,Q22278534,0
human,http://www.wikidata.org/entity/Q4776019,Anton Surapin,Q4776019,0
human,http://www.wikidata.org/entity/Q6696779,Luciano Arruga,Q6696779,0
human,http://www.wikidata.org/entity/Q29440997,Mashal Khan,Q29440997,0
human,http://www.wikidata.org/entity/Q63456821,Hadeel Kouki,Q63456821,0
human,http://www.wikidata.org/entity/Q66237923,Zara Kay,Q66237923,0
human,http://www.wikidata.org/entity/Q36669381,Grace Gao,Q36669381,0
human,http://www.wikidata.org/entity/Q53912185,Geraldine Chacón,Q53912185,0
human,http://www.wikidata.org/entity/Q20059890,Kalief Browder,Q20059890,0
human,http://www.wikidata.org/entity/Q22007112,Nadia Murad Basee,Q22007112,4
human,http://www.wikidata.org/entity/Q65658874,Bashar Murad,Q65658874,1
human,http://www.wikidata.org/entity/Q16018110,Aisha Ibrahim Duhulow,Q16018110,0
human,http://www.wikidata.org/entity/Q20379288,Jimmy Thoronka,Q20379288,0
human,http://www.wikidata.org/entity/Q14186111,Sahar Gul,Q14186111,0
human,http://www.wikidata.org/entity/Q29885324,Sharmin Akter,Q29885324,0
human,http://www.wikidata.org/entity/Q55584606,Chonticha Jaengraew,Q55584606,0
human,http://www.wikidata.org/entity/Q56692312,Loghman Moradi,Q56692312,0
human,http://www.wikidata.org/entity/Q63386155,Polina Nemirovskaia,Q63386155,0
human,http://www.wikidata.org/entity/Q2843372,Amina El Filali,Q2843372,0
human,http://www.wikidata.org/entity/Q20110468,Sonita Alizadeh,Q20110468,1
human,http://www.wikidata.org/entity/Q32732,Malala Yousafzai,Q32732,7
human,http://www.wikidata.org/entity/Q15993131,Dwayne Jones,Q15993131,0
human,http://www.wikidata.org/entity/Q1848650,Hamza Ali Al-Khateeb,Q1848650,0
human,http://www.wikidata.org/entity/Q27586750,Lamiya Aji Bashar,Q27586750,0
human,http://www.wikidata.org/entity/Q27978883,Erin McKenney,Q27978883,0
human,http://www.wikidata.org/entity/Q16018358,Balachandran Prabhakaran,Q16018358,0
human,http://www.wikidata.org/entity/Q106936955,Abdulrahman Akkad,Q106936955,0
human,http://www.wikidata.org/entity/Q58918236,Nujeen Mustafa,Q58918236,0
human,http://www.wikidata.org/entity/Q59423227,Cassandra Levesque,Q59423227,0
human,http://www.wikidata.org/entity/Q58682,Tank Man,Q58682,1
human,http://www.wikidata.org/entity/Q4665719,Abdul Samay Hamed,Q4665719,0
human,http://www.wikidata.org/entity/Q7609401,Stephen Hale,Q7609401,0
human,http://www.wikidata.org/entity/Q13072588,Myo Myint Nyein,Q13072588,0
human,http://www.wikidata.org/entity/Q14954878,Madeleine Rees,Q14954878,0
human,http://www.wikidata.org/entity/Q1357101,Fathi Terbil,Q1357101,0
human,http://www.wikidata.org/entity/Q12178574,Ahmed Zaoui,Q12178574,0
human,http://www.wikidata.org/entity/Q16499760,Jared Genser,Q16499760,0
human,http://www.wikidata.org/entity/Q7422528,Sarah Leah Whitson,Q7422528,0
human,http://www.wikidata.org/entity/Q1817565,Lenford Harvey,Q1817565,0
human,http://www.wikidata.org/entity/Q29466121,Sandya Eknaligoda,Q29466121,0
human,http://www.wikidata.org/entity/Q43396427,Saleh al-Ashwan,Q43396427,0
human,http://www.wikidata.org/entity/Q17612571,Kirstin Lobato,Q17612571,0
human,http://www.wikidata.org/entity/Q52005140,Aretha Brown,Q52005140,0
human,http://www.wikidata.org/entity/Q60474193,Rahaf Mohammed,Q60474193,0
human,http://www.wikidata.org/entity/Q6155553,Jansila Majeed,Q6155553,0
human,http://www.wikidata.org/entity/Q62020126,Naw K’nyaw Paw,Q62020126,0
human,http://www.wikidata.org/entity/Q20971653,Ermias Ghermay,Q20971653,0
human,http://www.wikidata.org/entity/Q64614838,Murtaja Qureiris,Q64614838,0
human,http://www.wikidata.org/entity/Q115641082,Muhammad Ghaemifard,Q115641082,0
human,http://www.wikidata.org/entity/Q47496132,Janna Jihad,Q47496132,0
human,http://www.wikidata.org/entity/Q122924686,Armita Geravand,Q122924686,0
